player_id,player_name,team,headed_clearances,p_relief_success,relief_success_rate,relief_oe,p_opponent_shot_10s,opponent_shot_10s_rate,shot_prevention_oe,clearance_value_oe,decision_quality_oe,length_oe,territory_oe,wide_oe
3abzbyff47i16s33ozmo4rmy1,K. Mina,Leones FC,1,0.3222326316012764,1.0,0.6777673683987235,0.12083208306025539,0.0,0.12083208306025539,25.990767315482216,34.58092224537328,20.135573724607234,17.115781505272253,20.55291964570933
bokhlnbj9lmpi4cbvghmczdud,R. Burbano,Manta FC,1,0.5158876066709989,1.0,0.48411239332900113,0.07084438567055597,0.0,0.07084438567055597,27.58157179568953,33.48536151403788,30.39393392304674,16.472437321513016,26.81446043665244
76p1xfg3sztqk60s7ic2fzywa,J. Angulo,Leones FC,1,0.48657011494338104,1.0,0.513429885056619,0.07605882238516713,0.0,0.07605882238516713,23.51412294048901,29.789304126832707,17.452078223480726,14.50255424566447,13.126744988635508
cw90fq4nmpw96rvgxpic80ydw,M. Luque,Leones FC,1,0.47389440668690386,1.0,0.5261055933130961,0.06571058654654988,0.0,0.06571058654654988,18.615465574713003,24.862180306042212,12.095287133455368,3.5668474434753747,15.36039321777316
bvmyhkf0dfwkx5esf2khr07pw,L. Fernández,CD Técnico Universitario,2,0.5228978118918092,1.0,0.4771021881081909,0.1059077858855799,0.0,0.1059077858855799,18.129587045042513,24.48922571440812,26.976770439717598,3.7842424659489,33.84091310025832
du7mx437vixeevfitwcgz6ot0,M. Perelló,CSD Independiente del Valle,1,0.5818488115437892,1.0,0.4181511884562108,0.10069752334874287,0.0,0.10069752334874287,18.578397306571254,24.270372041364503,16.142789787843487,-1.0638389271492876,20.125362367605305
a81x39bmz8ydh7hmb7k1wyuei,P. Charpentier,Orense SC,1,0.6267783623186008,1.0,0.37322163768139915,0.06956658095489701,0.0,0.06956658095489701,18.203500227427575,22.97921531856502,17.18810397421766,18.648840729715563,-1.0051668460607388
8vnajjn470acmoyohlg0f5qtw,M. Díaz,CD Cuenca,1,0.6765233842140534,1.0,0.32347661578594655,0.027515541541607774,0.0,0.027515541541607774,19.228957915257475,22.876457196241056,22.503747046657267,10.58550494836257,19.984120180552164
1ey2z21drmkif486uuu6ytqms,S. Razzeto,CD Técnico Universitario,2,0.5067127737869513,1.0,0.4932872262130486,0.054683177125711455,0.0,0.054683177125711455,14.21925785924006,19.972377778256217,19.270247329199517,4.429965258772693,21.676734886414494
dkv8jz5ikwaljwlqjewx7f2ms,J. Ordóñez,Guayaquil City FC,1,0.5676869294009246,1.0,0.4323130705990754,0.07237131086282259,0.0,0.07237131086282259,14.5278128179906,19.936513186923698,12.214543612595676,10.852359020942204,5.6320938125992654
dbzannb5pw72n5t4sbotswhuy,E. Clavijo,CD Universidad Católica del Ecuador,1,0.5660787977865545,1.0,0.43392120221344554,0.11604578763664189,0.0,0.11604578763664189,13.753488079097895,19.833386915781983,10.250811149996402,10.202554245664473,0.999094213468588
aieya8gew1dpm12yte9t5z3mc,P. Mercado,CSD Independiente del Valle,1,0.5570442526669508,1.0,0.4429557473330492,0.071692474715206,0.0,0.071692474715206,13.93755281040833,19.442497404466916,10.946711790990287,10.59040513945396,-0.0480578012343997
5i3xo6a0hqf41kyiyhe3lpwbt,G. Nápoli,CS Emelec,1,0.3896581180374618,1.0,0.6103418819625381,0.08773909031985488,0.0,0.08773909031985488,10.873683572529083,18.293188746952286,6.559941885978347,1.71114987655843,9.456630368658717
6nnixuo7p0alak7c7qbzy6tw,E. Mendoza,Delfín SC,7,0.4529692923765752,0.7142857142857143,0.2613164219091391,0.1373394062520323,0.0,0.1373394062520323,13.574161677900154,18.247416990772027,22.626358107508434,2.972189284180267,23.97754917966626
ciaqe12s383jursixiioxmo5x,H. Villalba,Barcelona SC,2,0.5776230851365753,1.0,0.4223769148634247,0.08655059756260838,0.0,0.08655059756260838,12.378226943607027,17.9002550556804,24.907189971417843,4.014650978136533,29.1358467367065
8ldwcpxmf5js8lnejmtwji9zo,E. Gómez,CSD Independiente del Valle,1,0.25551473269132946,1.0,0.7444852673086706,0.1349103508453998,0.0,0.1349103508453998,8.08093930320752,17.549447238975223,5.730444719290622,6.195027009765948,8.167238916389856
50308hvw3isnfjyjf58y2ryeh,J. Neris,CS Emelec,3,0.5441375893121835,1.0,0.4558624106878166,0.12944306898775518,0.0,0.12944306898775518,10.272849566898126,16.77311970859262,18.524933302722463,6.182201423762687,10.92649230194919
4mzyoimsuzfdc7n2m2i8criz9,M. Estrada,Liga Deportiva Universitaria de Quito,3,0.46228757425556205,0.6666666666666666,0.20437909241110463,0.14670875043494638,0.0,0.14670875043494638,11.130508771811366,15.37493095244661,14.081786936571106,4.896533301035684,8.857850408106408
ep2xvoam5xr2o4g6tiepv6v4k,M. Viera,CSD Macará,1,0.624697637279344,1.0,0.375302362720656,0.048206854965377806,0.0,0.048206854965377806,10.132530460132788,14.608656911820015,7.46225185481268,5.67413192434622,-10.158155642429662
4t4oc5mv6gujh932jz6scuulm,N. Molina,Orense SC,3,0.5257392481163431,1.0,0.47426075188365696,0.0977281956222336,0.0,0.0977281956222336,8.347014668171601,14.555545121341675,6.511998958218309,-6.626951315170576,7.264843518833826
cf36yl6dep780v76ygc5kqqui,J. Estacio,CSD Macará,5,0.4789250637024292,0.8,0.3210749362975708,0.11209311689865079,0.0,0.11209311689865079,9.219674458189266,14.111820574644735,17.12694252814637,-0.08556091749162142,18.065709560622842
90tango4n7lgwmqyht8v43pxw,L. Espinoza,CSD Macará,2,0.7055310001970949,1.0,0.2944689998029051,0.04255739093063473,0.0,0.04255739093063473,9.437855599313542,13.020906461302113,9.292262592479924,7.812513064374335,-5.163246844478806
5pxbdolaky90924vazle1pm1h,F. Ferrero,CD Cuenca,1,0.49190126499488357,1.0,0.5080987350051165,0.024008295944545805,0.0,0.024008295944545805,7.431222950077187,12.872334739296539,10.469094871845323,-0.949463263089779,13.71884478497732
3ri89ytafhurmpjxkebk7bxed,B. Heras,Delfín SC,1,0.3958210819653544,1.0,0.6041789180346455,0.06675750048005805,0.0,0.06675750048005805,5.27402187136053,12.317173558907855,-1.7448678245427658,-6.541665667085315,4.165181758134011
dp79admqqqmme9e6l9bhu41gq,R. Redes,Liga Deportiva Universitaria de Quito,1,0.47573518419632277,1.0,0.5242648158036772,0.06689934463320499,0.0,0.06689934463320499,4.928077971379723,11.17421629891457,-4.1463986801862465,-3.955383164440867,-1.257818758495091
17s6wzelixuy7ricexnqzft,I. Molinas,Delfín SC,2,0.596515367999773,1.0,0.403484632000227,0.0648475408150785,0.0,0.0648475408150785,6.047136138491936,11.054695570720384,-1.5229330685991984,-3.334907187279459,0.7923910099128886
5hir8m9yqqcbp0oks1vswmxd6,L. Lemos,Mushuc Runa SC,10,0.5399606129667144,0.7,0.1600393870332856,0.08665681778165579,0.0,0.08665681778165579,7.793865140873993,10.694111277931686,8.587020454807577,2.1131245764861175,5.479303545016308
cblpavncq3hn84r38hbr0vnro,B. Quiñonez,Orense SC,2,0.7182278715974542,1.0,0.2817721284025459,0.024820686712547807,0.0,0.024820686712547807,7.11879977704942,10.308831361763096,9.677333203178957,-9.856171454098874,5.409387376577378
4hhc0pv8kgmzvk5ntn8tldogk,A. Sosa,SD Aucas,1,0.42488383372191335,1.0,0.5751161662780866,0.09608250093501103,0.0,0.09608250093501103,3.017139363443434,10.209538540249465,14.512339639730568,4.855853664773786,18.245880590333044
2f0sxlzvrg4z9uipi4wvr44d0,M. de la Cruz,Leones FC,6,0.6784227529366967,1.0,0.3215772470633033,0.07125628801615806,0.0,0.07125628801615806,5.26860381264791,9.553220603523313,15.409557627213225,-7.011477612313704,18.36304086239777
8ot6xvpxww2vk01cuh3j6eh9l,A. Quintana,CSD Independiente del Valle,2,0.40261029854564945,0.5,0.09738970145435055,0.052931077653790015,0.0,0.052931077653790015,7.764448753100917,9.532311932451274,18.783163766422184,-3.5937962125649126,23.554054049109094
et0dl6nl59rbtiaekgg5yscus,R. Perlaza,Barcelona SC,2,0.5652937869338557,1.0,0.4347062130661443,0.07301126514239581,0.0,0.07301126514239581,3.969133133539996,9.411364241337376,6.790687179937688,-7.439883617021989,11.461838370943916
f3lhirj8x9hkhm1ddoc8bwa38,E. Pata,CSD Independiente del Valle,8,0.41761406610912655,0.5,0.08238593389087351,0.11254947259767742,0.0,0.11254947259767742,6.808381843391427,9.320483271265323,18.792427437177746,10.425425792844287,11.657299638345744
1xt3xc4xom9p69t49m8kffwq2,T. Minda,Mushuc Runa SC,1,0.5328630598795985,1.0,0.4671369401204015,0.14916545786490235,0.0,0.14916545786490235,2.3313309069972927,9.240182176174843,-1.7636484360897509,-2.8941915902965576,2.376750605196051
7vbo1i1v70sbo3d8twscdk251,S. Mena,CD Técnico Universitario,7,0.5467707119186622,0.7142857142857143,0.16751500236705205,0.11321501134785837,0.0,0.11321501134785837,5.7982523092077844,9.171627503096179,9.767234608769963,-0.933326521143013,8.073518542746948
bfi2ctruf32ezbxf3xokls3kk,P. Guzmán,SD Aucas,2,0.47716070509959874,0.5,0.022839294900401264,0.13691224387243225,0.0,0.13691224387243225,5.941878836825563,8.223955443916058,12.454941964027041,7.16624174396566,-7.75034387140982
7b46q7wczdj7wku3dljr05uc5,J. Cazares,CSD Macará,14,0.5133843529355164,0.7142857142857143,0.20090136135019793,0.09386866537323639,0.0,0.09386866537323639,4.508980503206809,7.926024097307334,12.247163842706465,-4.983526602511337,14.988055921266808
7gvks90vqzf6v9jukefv592ad,C. Orejuela,Mushuc Runa SC,2,0.5480922927972427,1.0,0.45190770720275736,0.07647040879708925,0.0,0.07647040879708925,2.1606073125978353,7.826740516581747,2.2139901335292516,-0.10146416547926229,-11.311481357222801
4xhrvnq03r13f2bwt0vxm46ol,M. Alonso,CD Universidad Católica del Ecuador,3,0.5181703240046264,0.6666666666666666,0.14849634266204023,0.10337690217235385,0.0,0.10337690217235385,4.727869584160193,7.763486543365904,9.995654845475258,-3.697037974991119,9.913215255874482
adptmldi4sep53hjp5ncj6904,J. Guisamano,Libertad Fútbol Club,2,0.5891326229342475,0.5,-0.08913262293424745,0.0844304984817201,0.0,0.0844304984817201,7.185897051649851,7.561028299533177,16.209819573258816,2.8036764339222504,3.351295053852998
dqdqwcw5qs09vuvelf39bp7qi,A. Herrera,Orense SC,14,0.4667187830763576,0.5714285714285714,0.10470978835221385,0.11557406830890035,0.14285714285714285,-0.027283074548242508,6.608215488377325,7.246067253675824,13.917913292647805,2.576846029824965,14.687961170757676
2h53oe0l0skqnd8644zegq8d1,R. Carrillo,Mushuc Runa SC,6,0.49369181745061147,0.6666666666666666,0.17297484921605522,0.15809230329524018,0.16666666666666666,-0.008574363371426488,5.543549456775465,7.144682498364619,19.53634953640838,1.0400740733478997,13.573079002791149
6oirlvnvronyi13qcu5bx46i,E. Cabezas,Guayaquil City FC,3,0.40244745353806505,0.3333333333333333,-0.06911412020473168,0.1256266206126944,0.0,0.1256266206126944,5.894884843444216,7.088142950587314,12.834224980843146,-1.4380395207036596,14.080353587330919
6d0dk5nx0iuvmbs160qp9d0tm,J. Mohor,CSD Macará,2,0.5120037841815138,0.5,-0.012003784181513821,0.07896246348991177,0.0,0.07896246348991177,5.978942813539462,7.043341924073001,20.757136926868355,0.311719465846851,24.421306406466474
dsgnyitua0qo8dvu0c7pnax2h,S. Portocarrero,Leones FC,12,0.5678075851902359,0.75,0.1821924148097641,0.08962153267490615,0.0,0.08962153267490615,3.854498202327336,7.02074534054857,8.402662612325175,1.573481304505793,4.123172994464013
5fsqlh1yxgjnjj5u0po1sb36d,J. Corozo,Liga Deportiva Universitaria de Quito,1,0.4623969469265345,1.0,0.5376030530734655,0.07454406434389503,0.0,0.07454406434389503,0.3190805395756033,6.8132720354686835,16.513020449322426,12.280388732544814,11.605744757119268
7xkf0ivgpbpeox35j4voo37jd,G. Vallecilla,Barcelona SC,6,0.5211755282556415,0.8333333333333334,0.31215780507769186,0.12700303453063927,0.16666666666666666,-0.03966363213602742,4.244729756575623,6.77135332531213,13.729318528558432,3.2597674187388193,14.623457176756345
bnf622gpidct33o8rriwug2y1,N. Monserrat,Leones FC,64,0.5407300156038655,0.640625,0.09989498439613452,0.08667790098901305,0.03125,0.055427900989013054,4.939499694620514,6.7698680534170546,9.576666504222985,0.3735741623598058,7.947038431156967
f3exestd6ob5mzbusl5omjjs9,B. Miranda,SD Aucas,1,0.5118469015646354,1.0,0.4881530984353646,0.12790048177168184,0.0,0.12790048177168184,-0.0635150254950356,6.736523185433838,-5.929591563962971,-6.492744163959209,1.594527690678582
9ggta4hzy0w4xkukczrti5y7e,J. Fajardo,CD Universidad Católica del Ecuador,5,0.4325675804344301,0.6,0.16743241956556992,0.060308450879663654,0.2,-0.13969154912033635,6.999494192690278,6.578445151540933,14.331345545787764,4.121330564069129,10.618267573492862
6habcmdfjyvoh833ox9ayxo4q,L. Estupiñán,CD Técnico Universitario,4,0.5763243083937598,0.75,0.17367569160624025,0.06517304487187832,0.0,0.06517304487187832,3.8294589259994147,6.543811515139992,6.41447536748886,-0.9062814494231755,1.4003215952109285
2d1wqm8aq0hhigxbs2998qga1,G. Cortéz,CSD Independiente del Valle,5,0.39050764843325997,0.6,0.20949235156674004,0.0738313362075445,0.0,0.0738313362075445,3.12389646300012,6.326290021780688,17.0298765263583,-4.349620660469457,15.739954688123794
2rzcz652z4hcbrjyi7du35rmc,E. Cabeza,Delfín SC,20,0.5949491697146311,0.75,0.15505083028536898,0.09581657433302825,0.1,-0.004183425666971744,4.647042366901564,6.134799284750677,11.485594574298162,-2.1937662989632107,10.778849399701233
b9laanbzul8a7h5jo1z5vetpl,Juan Nazareno,Manta FC,2,0.5705642394791604,0.5,-0.0705642394791603,0.0846886850282578,0.0,0.0846886850282578,5.4393523613148425,6.0040402419471075,21.479451444104406,-4.227089974476527,14.991424927962713
6gjeumy3aki5bavrhqs87jdka,J. Jiménez,CSD Macará,23,0.6240290934996736,0.7391304347826086,0.11510134128293507,0.06630088619017792,0.043478260869565216,0.02282262532061271,4.272969042066932,5.766321834705473,12.641563796791337,-0.6122348609767431,9.245574915526106
2lqwu9wsnguofkipcgca0btka,J. Ontaneda,SD Aucas,58,0.5438314725545041,0.5862068965517241,0.04237542399722001,0.07604282968809274,0.034482758620689655,0.04156007106740309,4.605586693663484,5.65274199964673,12.93715211834947,-0.3807530413435146,11.316754203403454
2irmtezvvd4kor9lb2i1ozv85,L. Cangá,CD Universidad Católica del Ecuador,30,0.537940842853315,0.6666666666666666,0.12872582381335168,0.07387352588512175,0.03333333333333333,0.04054019255178841,3.7136038337247843,5.608964960135127,8.394108441755117,1.0199784870503001,7.428479884597784
e8p8nt1enxhxdt62t2111i6fo,L. Ferro,CSD Macará,8,0.4745479364015198,0.5,0.02545206359848018,0.10944184967066073,0.125,-0.015558150329339283,5.133841438044177,5.15498981908889,14.833866569684362,1.134565681665203,7.006473392002219
gn5jbp8pgfhr12jxfiaftkwk,L. Castro,Delfín SC,15,0.5820787526357506,0.7333333333333333,0.15125458069758277,0.08605387421335868,0.0,0.08605387421335868,2.3000318874276497,5.103385807603858,9.364212885336036,-3.7444770504038076,8.91288028112478
cjxju5ivkc1vg8ty5s0wa1dsk,M. Caramuto,Leones FC,4,0.4428371559746897,0.5,0.05716284402531033,0.1473031763151151,0.0,0.1473031763151151,2.034493758670899,4.815669843650728,8.617978807636062,-2.3575648896089714,5.876223067708528
5qih0mpbm50gx2fu5kum3nxlh,J. Intriago,Barcelona SC,2,0.5239995188638726,0.5,-0.023999518863872638,0.10570007844790351,0.0,0.10570007844790351,3.436809937229275,4.782315925309101,17.651218937488455,5.174191364922162,16.358651876120042
bfsjxpmiflhdz2162ulqlo0lw,J. Valverde,Delfín SC,12,0.6160567532889395,0.6666666666666666,0.05060991337772721,0.07556113863386169,0.0,0.07556113863386169,3.1267913118932498,4.766307525178447,5.918374355160945,-3.689451292152633,6.431991739081401
d6gphu89283pngbaenacu1cr9,R. Jaramillo,Orense SC,15,0.5063923812314698,0.6666666666666666,0.1602742854351968,0.1047351032265516,0.06666666666666667,0.038068436559884934,2.5560084005924097,4.729777803342652,8.035842896980842,-2.5353157258760586,9.175623725587384
50bycn35z1ts5hb156k146u50,J. Chalá,Manta FC,7,0.7041579688801429,1.0,0.295842031119857,0.062248330550149465,0.0,0.062248330550149465,0.6812144007578554,4.573359670208667,0.29745089453377915,-1.921083526073088,-0.05402812053578897
3jxh6wv6q29ps0ubz0nz9wdpm,L. Castillo,Delfín SC,20,0.602245751688464,0.75,0.1477542483115361,0.09942668428407841,0.0,0.09942668428407841,1.5326125314433239,4.501555278819861,6.178519597543733,-1.5627185328397104,5.49945098792741
1uw5jfjqm4ik0es2qidy8rca,J. Montes,CD Técnico Universitario,3,0.4670902761278512,0.6666666666666666,0.19957639053881548,0.1434671916387322,0.0,0.1434671916387322,0.3166581533708837,4.464429933340022,4.6589290714035645,0.31725905211769795,-2.437067633787789
1al0d9v3ldh6hbs73td99fuok,J. Bravo,Libertad Fútbol Club,2,0.462378193307793,0.5,0.037621806692206994,0.09913936223364855,0.0,0.09913936223364855,2.2276216783915457,4.090930178818345,10.595821698337591,-6.534585859429467,17.631427538395506
3cv6v6qr1gjuj04hc6jaevuju,M. Piedra,CD Cuenca,10,0.594767900137833,0.9,0.30523209986216704,0.06040162623729125,0.1,-0.039598373762708756,1.6325332135383235,4.090878605719363,9.466004265691037,-3.436072090718464,3.0721448238918905
f02v3aekjuxmkyri5mp9x7aj8,E. Griffa,Leones FC,8,0.5413690041512235,0.625,0.08363099584877656,0.08258995377605538,0.125,-0.042410046223944634,3.843455863831794,4.04361512896039,10.013783008219852,2.8925587334923057,9.500954625454376
d8wkxiszuftcz96cshk3plu5l,J. Chalá,CSD Macará,3,0.5294136325750426,0.6666666666666666,0.13725303409162412,0.12748726597541338,0.0,0.12748726597541338,0.6704484478657312,3.955287778413173,3.193197515089217,-3.950183473511307,2.122610706853202
nfz7qm3fwt6lmvjkn4hbys8a,Richard Mina,Liga Deportiva Universitaria de Quito,15,0.5947601309973966,0.6666666666666666,0.0719065356692701,0.057894493152308144,0.06666666666666667,-0.00877217351435852,3.187855141351011,3.7753378953283336,7.228495763705027,0.37079836751316614,3.2023758760706653
5zax12h4cjntd3d70u3ymd0mi,B. Caicedo,Libertad Fútbol Club,27,0.5657609534403183,0.6296296296296297,0.06386867618931134,0.07587570019985009,0.037037037037037035,0.03883866316281304,2.458457495916216,3.679724205251525,9.707492940793081,1.00507365037038,2.578650939316183
68l7uci169oihnccci3sd75jp,L. Sosa,Barcelona SC,13,0.6350462857781527,0.7692307692307693,0.13418448345261658,0.08948896851230471,0.15384615384615385,-0.06435718533384914,3.0226076386572958,3.3990946931757255,11.876683929862644,2.406550523372967,10.733892082784774
ac3o771m1yp8wr74c1n1sz1zp,J. Ruíz,CS Emelec,3,0.531217676962486,0.3333333333333333,-0.19788434362915266,0.1047296966899068,0.0,0.1047296966899068,3.7915166953722763,3.3836187094293515,15.916102379089375,12.748843558890607,9.864409902679595
ecaofku4htx8if4kk2teq1rrp,R. Adé,Liga Deportiva Universitaria de Quito,28,0.48897830112418755,0.6428571428571429,0.15387884173295532,0.07515055558480346,0.03571428571428571,0.03943626987051775,1.1902624390785495,3.3205949044658687,8.414021272868434,0.10241851214642729,5.781398203894454
5t3dkx91d8wy50bc2cnepszys,I. Cuero,Manta FC,7,0.5958185965051356,0.7142857142857143,0.11846711778057864,0.09123547156182414,0.14285714285714285,-0.05162167129531871,2.7814233848132885,3.1917694931892937,7.640295761446547,3.3325742617011267,1.1126656785640507
59gm0x3ujnsq2gypigw0q7bze,J. Alcívar,CSD Independiente del Valle,1,0.8184145057336943,1.0,0.18158549426630566,0.02828560390921115,0.0,0.02828560390921115,0.9349409388036244,3.1750799401048484,22.430935817568542,4.847083646274008,21.922730901796555
cgpsvf5qqebt927ffksbr6wh5,J. Flor,Mushuc Runa SC,28,0.5280767450751264,0.6071428571428571,0.07906611206773073,0.0770977637876558,0.03571428571428571,0.0413834780733701,1.7160773179922493,3.1274906097701085,8.894675653828918,-2.4889151078712204,7.940120054797175
aegu1dn87t0l2klztm5g2euol,J. Alman,Manta FC,11,0.4671765414888844,0.5454545454545454,0.07827800396566108,0.14753739849527817,0.18181818181818182,-0.03428078332290364,2.795857210333515,3.0644255001465712,10.53849082921476,3.5922177546228187,10.563288771235017
4jwqjzunbzt8oyqsgo55ixca2,M. Perea,CD Técnico Universitario,7,0.5097924073598341,0.5714285714285714,0.06163616406873727,0.11304238470272546,0.14285714285714285,-0.029814758154417392,2.8808630900824164,3.0500033584535293,12.611483216600108,5.618919998502128,8.130466672852995
c1s8fieakkfnw5qjahgrp38fe,J. Mina,Barcelona SC,6,0.5493768957297738,0.6666666666666666,0.11728977093689295,0.1299441030950598,0.16666666666666666,-0.03672256357160686,2.2186513012429496,2.840710557037776,14.155241704125705,-5.944703807793587,9.80961562171621
552yy0gwhzxwlbd2pjcrdtdxx,E. Patta,Libertad Fútbol Club,29,0.49889925255169865,0.5172413793103449,0.01834212675864614,0.08175856399529369,0.0,0.08175856399529369,1.4133114064390764,2.823111133954943,9.585223333728546,-1.598596778379489,7.103137620043986
1z4mucvfsiiisidx5y2nhhm2,G. Mina,Manta FC,13,0.6704769980932522,0.7692307692307693,0.09875377113751703,0.07202992749844692,0.15384615384615385,-0.08181622634770692,2.9746793860991385,2.7349737022587046,10.466563195989064,2.7909734922254463,2.856136053011902
e04pfp4mcoahykrbzzmm2wq38,S. Yánez,CD Universidad Católica del Ecuador,1,0.37619414220829817,0.0,-0.37619414220829817,0.13871737978070006,0.0,0.13871737978070006,4.362368024480119,2.6811872991076386,14.591862684895794,7.417403013111741,17.652594155558837
6qqb977m72rznsks1d90ivyz9,R. Schunke,CSD Independiente del Valle,3,0.5594098354774157,0.6666666666666666,0.10725683118925096,0.04046494444345624,0.0,0.04046494444345624,0.995763790394418,2.675306268938771,9.319901519113511,2.024523227138348,9.365599564869044
6llzouvdgu8fzk40lpidjbeok,C. Gruezo,Libertad Fútbol Club,20,0.5072463128260842,0.6,0.09275368717391567,0.09885336365914016,0.05,0.048853363659140156,0.9767933003134806,2.63713062693974,6.5374395621558765,0.4933908703665858,4.122888376218386
2b1y6ptiizszbjzop7kf8tega,G. Blanc,CSD Macará,10,0.48479198647147514,0.4,-0.08479198647147516,0.09370683179396981,0.0,0.09370683179396981,2.050608742403439,2.6082913545982347,15.774891668733147,1.6798109656418092,14.741266560379321
c0wyvmrq61yzugvdt2qnneoes,A. Mosquera,CD Cuenca,7,0.6664067197356085,0.8571428571428571,0.19073613740724868,0.07637850255219834,0.14285714285714285,-0.0664786403049445,1.65850407188462,2.56868584138294,3.1770049834803027,2.5197619823302384,-4.909103660246758
1e9ai9xhspeodbzym623qm6ll,G. Allala,Liga Deportiva Universitaria de Quito,30,0.5871817964408401,0.7,0.11281820355915988,0.08453699104504563,0.1,-0.015463008954954362,1.6493825621125482,2.5456194633798312,11.490245452292031,-3.285255127298005,10.63883744661535
efvo5gihldvwdz93j4943f47o,Y. Arce,CD Técnico Universitario,58,0.5502855655079835,0.5517241379310345,0.0014385724230509707,0.0927323358327466,0.05172413793103448,0.04100819790171212,1.7878160230468367,2.4173247158030287,11.88301477535637,0.9259025288108911,8.562326689538516
2mdwtann516klfiehi3udc3c9,K. Sambonino,Guayaquil City FC,3,0.494141594553942,0.3333333333333333,-0.16080826122060865,0.11884615322994163,0.0,0.11884615322994163,2.2127186052806604,2.387328291523698,9.531036697530688,7.305721326812177,3.6635302765032782
nei4yix6hulp0gwvq96c7h1w,J. Quiñones,Mushuc Runa SC,4,0.695798649047491,0.75,0.05420135095250905,0.07909497981141739,0.0,0.07909497981141739,0.598275102630105,2.326713309326456,8.588291208758088,5.571322478997239,-3.1146713934037518
1k0un5v0yoe000dhbiqtrv74l,E. Guevara,CD Cuenca,20,0.46399113878804893,0.55,0.08600886121195106,0.07794953377031741,0.05,0.027949533770317413,0.9202742276976498,2.1996058463719224,11.841554484447764,2.9864992979475735,9.080090435867152
9k61c9b8xjgh6jy6tziw11905,P. Velasco,Orense SC,25,0.5523457397829723,0.64,0.08765426021702762,0.09563626333666425,0.08,0.015636263336664256,1.0183757897990275,2.1294623420192678,10.585278812517338,0.20701579145920718,3.1633379971580946
6sn6a1xpp6tyqac8a21ka1fxl,V. Griffith,CS Emelec,5,0.5602888401177718,0.4,-0.16028884011777178,0.06980588592230844,0.0,0.06980588592230844,2.6829214276376687,2.127121315294578,6.021873819798481,-2.4054998273275796,12.661482602105844
bnin5etuqjgoawag24g7x2bpx,P. Mancilla,Guayaquil City FC,8,0.46348339056948595,0.5,0.03651660943051406,0.05667074201409232,0.0,0.05667074201409232,0.80116836037235,2.0163955848888753,9.161882689606735,2.4246937340908628,0.30879067532386917
7dr2jx3u755avbchwnycsq0h5,K. Minda,Liga Deportiva Universitaria de Quito,13,0.5524275392466811,0.6153846153846154,0.06295707613793428,0.10740407043920161,0.07692307692307693,0.030480993516124672,0.8625442452757213,1.9493299093969338,8.731924447112203,0.8863642801455185,5.6418995261587295
6w4sdzr4l7g9efzx6paxvadat,J. Quintero,Liga Deportiva Universitaria de Quito,8,0.6547950266382233,0.75,0.09520497336177665,0.057460873617316,0.0,0.057460873617316,0.08262397766358975,1.896586815541096,5.766872540865553,-3.4065104537463613,0.17237084382023315
4huwe4wnwwj948keblao2scmh,J. Espinoza,CSD Independiente del Valle,9,0.4813373380796637,0.4444444444444444,-0.03689289363521933,0.052418340135172894,0.0,0.052418340135172894,1.3651332211867615,1.7824793868621616,6.089822110717162,-1.7840072656247727,7.596039007671546
9mfxl4whn94z2fxcsjsrcy162,Y. Rodríguez,Guayaquil City FC,44,0.43436882342914934,0.4090909090909091,-0.025277914338240278,0.10257562478732178,0.09090909090909091,0.011666533878230877,1.8448069099432873,1.7670257747343476,11.92518384709187,-1.1140380641773695,12.6232325583003
1m4twts8nb8bdac6ce051wxec,J. Cusme,Mushuc Runa SC,4,0.584907616916378,0.75,0.1650923830836219,0.10724842179759644,0.25,-0.14275157820240358,2.1265378009929483,1.6361879587931125,8.174367827608066,-10.209679591663878,11.719447509777407
1xaef0hnod3jkhr74gz67lpsl,J. Angulo,Manta FC,7,0.48870284746610804,0.42857142857142855,-0.06013141889467947,0.14556100922376403,0.14285714285714285,0.0027038663666211693,2.1530925519720765,1.592336358524599,14.22179257724271,4.596002542223171,9.432505506170271
agwvnsm8mdhwf8qwh22khameh,B. Carabalí,Barcelona SC,12,0.5167649177189336,0.6666666666666666,0.149901748947733,0.11074960214823397,0.16666666666666666,-0.0559170645184327,0.9157694085305682,1.576030930231407,6.700667088198347,1.1073602804187883,3.2891100416756025
2vrotxtikefj3m9jaw69fcx78,E. Rubio,Delfín SC,30,0.5900668435422386,0.6333333333333333,0.043266489791094785,0.1067395100958859,0.16666666666666666,-0.05992715657078076,2.03908291751212,1.572840466861357,8.330132968441925,1.939846146251252,5.507807146225281
6u5110uirl21q32w45o5ieqz8,A. Zova,SD Aucas,25,0.5601787410469661,0.6,0.03982125895303393,0.04736910219508308,0.0,0.04736910219508308,0.31752584864702216,1.4262749711036076,7.949657148595638,-0.45991376118990906,2.9256781492881743
95xp8s56u991fp6p8lyt23llg,S. Laurino,Guayaquil City FC,9,0.4025324147580647,0.4444444444444444,0.04191202968637973,0.0703782054607754,0.0,0.0703782054607754,-0.09848041905153536,1.3763129597238937,10.599565774230513,3.7191416957312007,2.3605156434854164
bjs24phzpc5d39sisj8ixirit,M. Céliz,Barcelona SC,12,0.41783910234529387,0.4166666666666667,-0.0011724356786271862,0.12268689762928309,0.08333333333333333,0.03935356429594975,0.7962738674723421,1.374852975125317,12.586121378827722,0.13869357996340556,9.176673081485161
5n49s6mef8ao5nos3yamv4gr9,A. Bedoya,Delfín SC,55,0.5938418509560782,0.6181818181818182,0.024339967225739948,0.0851406240990791,0.07272727272727272,0.012413351371806382,0.9263120453580369,1.3559119881925323,10.743103869919162,-1.1191831814113222,6.480872806889618
ao6u7dooupvji47nep1bk45hx,L. Quiñónez,Liga Deportiva Universitaria de Quito,16,0.5699993633392195,0.625,0.05500063666078043,0.08756852832496817,0.0,0.08756852832496817,-0.5408443677262953,1.3226899237560317,6.8183736410167715,-3.0230389656751564,5.4697988333818
6q4xdm58fr3y1nrhds76lxzvt,W. Vargas,Barcelona SC,9,0.5159517430280671,0.5555555555555556,0.039603812527488486,0.10055715696342747,0.1111111111111111,-0.010553954147683633,1.078660804370251,1.316389617429881,6.7564592683495555,1.7632687910750815,3.195941845980791
8ddcymvxmnr15a8k99g56c07o,A. Velasco,CSD Independiente del Valle,22,0.5155117250618503,0.5909090909090909,0.07539736584724067,0.062242596280451486,0.0,0.062242596280451486,-0.38462227415719885,1.3029903285219804,5.614587736229492,-1.1989462962337762,4.882562083439208
aalxmqa07ynjng2kyj841juju,E. Mero,Guayaquil City FC,10,0.454751895440742,0.3,-0.154751895440742,0.10068301691092563,0.0,0.10068301691092563,1.3165951231635034,1.2793214224199683,10.593438860134059,2.8416433246989334,11.44716870404468
c91iy2qzw88dpgh7lv6coupsk,R. Arias,Guayaquil City FC,21,0.5025103487794211,0.5238095238095238,0.021299175030102636,0.07209203416436213,0.0,0.07209203416436213,-0.01652670326692096,1.2778455594995368,8.751793835621234,-0.3456590273088504,3.272466446469539
842mpcgpo275pp4mwmrqtaiqy,J. Pretell,Liga Deportiva Universitaria de Quito,7,0.5841075424758916,0.5714285714285714,-0.012678971047320218,0.08787114023128771,0.0,0.08787114023128771,0.04650403236474533,1.2377814253608594,2.030200734527739,2.1046760600236163,0.7335959453235904
5kzsanq7c0qu60ytzru9mhca2,M. Gamboa,Mushuc Runa SC,11,0.5100272894783985,0.5454545454545454,0.03542725597614694,0.08548969460829726,0.0,0.08548969460829726,-0.47563064510978365,1.1609873337761443,6.202022967200756,-1.8343309216402337,4.753540751746365
1mjeueswchle030491akyxams,E. Mesa,CD Técnico Universitario,37,0.5828851474138517,0.5945945945945946,0.011709447180742903,0.09801521340527153,0.08108108108108109,0.016934132324190443,0.7204860696509894,1.091592526321275,9.783103025115949,-1.5252090344133105,7.751292475319021
6ert2g23gsp8d1gmhiiqurkes,Y. Erique,CD Cuenca,15,0.5814763187476522,0.6,0.018523681252347858,0.07600771578317213,0.06666666666666667,0.009341049116505445,0.5693105572765091,0.8946631065475702,8.02998608094727,1.1330855707921912,1.6547285049646545
eu1htvf3chz0kcrl5paflxzv9,Deyverson,Liga Deportiva Universitaria de Quito,14,0.5017074107774789,0.5714285714285714,0.06972116065109253,0.12978909334116945,0.14285714285714285,-0.013068049515973392,0.3687925683844591,0.8699834321557832,11.905311368459454,3.103403166226486,8.80228015075271
dp2tnjilpke1ph1fdjgno9zop,E. Mejía,CD Universidad Católica del Ecuador,3,0.5096952578498314,0.3333333333333333,-0.1763619245164981,0.07685902410248036,0.0,0.07685902410248036,1.4283988974440043,0.8176650138162292,5.384380941881989,-2.936548480834204,10.639685807767881
d8bv8ybko191mx5jxczay3n8q,M. Medranda,CSD Macará,10,0.4987775924069092,0.6,0.10122240759309076,0.05648495525353592,0.1,-0.04351504474646409,0.4061817981005881,0.765680202834534,7.500597916786203,-3.481756278414146,2.0803918029082333
9t27uoh6kpd8g2x1phirhsu6t,J. Blanco,Manta FC,8,0.5212727728436611,0.5,-0.02127277284366115,0.14050987636414905,0.125,0.015509876364149047,0.7125117128416167,0.7324321298672409,10.158290114386135,3.5086894401817004,9.436649001512396
309b0xjqe390a9zrq4884ybfu,R. Briones,CSD Independiente del Valle,6,0.49296391795314337,0.5,0.007036082046856629,0.09340955754379199,0.0,0.09340955754379199,-0.7526169734918385,0.7188872101336069,7.321617390905135,5.245905619250618,0.6742642670346773
bpnrmy8dg45mbjpo4gksvp4kq,J. Anaya,CD Técnico Universitario,55,0.5117269093436775,0.4909090909090909,-0.020817818434586525,0.1028983565976089,0.07272727272727272,0.03017108387033618,0.4082681589548982,0.6526562326640759,11.488969488310593,-1.860876437129104,10.576256014088486
cebzrizhi195acmaw8c4cku09,A. Tobar,Liga Deportiva Universitaria de Quito,3,0.495813577969579,0.6666666666666666,0.17085308869708762,0.0425589480841429,0.0,0.0425589480841429,-1.7227092699470272,0.6242058382859929,5.165726897840767,0.008223900515324326,5.413727558992374
9g0ayzj8zkxakzvk0w6hor9qs,B. Kreiman,Leones FC,23,0.6042098850088806,0.6521739130434783,0.04796402803459767,0.09995620048424156,0.13043478260869565,-0.03047858212445409,0.5983307918434232,0.6207923403225886,10.19912916539984,-2.155988779303746,8.685625066936524
b3nvyzpnm06shk2sx1nmh5xbd,F. Paz,CSD Macará,6,0.4630629916474874,0.3333333333333333,-0.12972965831415403,0.08864355481022251,0.0,0.08864355481022251,0.5482913708505355,0.5806481098623326,7.724401130943391,2.7239246641166517,5.531812130615499
evpjbmwhghy2x57ie5sgqk2qd,L. Ayala,CSD Macará,11,0.5829935295272463,0.7272727272727273,0.144279197745481,0.07654540594278426,0.09090909090909091,-0.014363684966306644,-0.679920162310792,0.547416540649419,9.997729408321447,2.9615393889277613,5.776663404791995
5lyowegje78n936ei057it0k4,M. Quiñonez,Orense SC,6,0.5508064300360374,0.5,-0.05080643003603735,0.07224430708151962,0.0,0.07224430708151962,-0.14506388201570677,0.4305364238467136,13.405866467295636,-1.9221411459574693,12.57960196315693
77t9kl34rhnesp7qz8uqdcga2,S. Callegari,Orense SC,20,0.4783154279715823,0.45,-0.028315427971582256,0.07954784593655456,0.0,0.07954784593655456,-0.47984646939978887,0.4302169399327072,10.31437721761956,-1.2463695368815018,8.564904700865393
87y2pbc5qjlw6l77sqoxd21p0,R. Arroyo,Leones FC,14,0.5184677792429231,0.5714285714285714,0.05296079218564835,0.09855559940886949,0.07142857142857142,0.027127027980298063,-0.5442614017073336,0.3922519398536209,8.764425492553746,-3.9306600519880805,11.883979408869534
7vcshpkn1otfqsjf4o1eva295,A. Leguizamón,CS Emelec,39,0.579442007564199,0.6666666666666666,0.08722465910246778,0.1069429457663691,0.07692307692307693,0.03001986884329218,-0.9784773654263256,0.3440672582477352,6.634450760894526,-1.8561927169897388,5.6603671830259845
6qq3wxpm6g6mrv38bnfoi6c45,F. Pizzini,CS Emelec,2,0.5291103112775746,0.5,-0.029110311277574602,0.11773683139274063,0.0,0.11773683139274063,-1.1438372444990854,0.331112113616278,22.25078912324684,0.9212171816135442,1.841995509370534
6lzyl958evlu3uxhxl1trro8a,D. Quintero,Manta FC,36,0.6463176104260785,0.6944444444444444,0.04812683401836596,0.09362221126248253,0.19444444444444445,-0.10082223318196191,0.9079290870266955,-0.12313607051907333,8.787691745354728,-1.6391506912421399,8.854055586671173
300xxqq3notomlt4s4g03cd7t,J. Ordóñez,CD Cuenca,4,0.42562702758944465,0.5,0.07437297241055536,0.0710141613381355,0.0,0.0710141613381355,-1.9393342361366441,-0.1303920919590582,3.78895612044792,2.4023945039618635,-6.061761188627305
8yoyibzmbvn07jwa0zli2gwyd,C. Vélez,Leones FC,7,0.44448917744632727,0.2857142857142857,-0.15877489173204157,0.10038044300057565,0.0,0.10038044300057565,-0.07874491951517244,-0.16078719182695345,14.016100177740771,-1.442953848533527,16.01886569196974
91ljjxzlo05v5p0wi2u4q66ll,K. Ushiña,Delfín SC,2,0.46344359587620537,0.5,0.03655640412379463,0.08047176381067106,0.0,0.08047176381067106,-1.7521858022840586,-0.17954530388604617,2.6912370682434146,-0.6893498807897611,4.718978241095868
crw7ur9nurwp306ustco2qlpm,J. Perlaza,Barcelona SC,14,0.6189898148620643,0.6428571428571429,0.02386732799507855,0.08481476302771052,0.07142857142857142,0.013386191599139083,-0.7148925613824761,-0.27542640744460456,4.652968732457106,-0.3947783461415006,0.08364730543977039
1wtlo6tcn3ujlqsvihq9zillh,J. Báez,Barcelona SC,34,0.5106490310563161,0.5588235294117647,0.04817449835544867,0.12413188846426833,0.11764705882352941,0.006484829640738939,-0.9017324865537013,-0.3227150583881309,8.76182315555299,0.48233569730933595,6.035736234557019
6qdkaa9ae67qy7ipa11a8z17t,B. Palacios,CD Universidad Católica del Ecuador,5,0.44728479877012817,0.4,-0.047284798770128124,0.13205897755147017,0.2,-0.06794102244852984,1.0720182645469247,-0.41994505988230324,7.794452291529366,1.4884349610594447,6.687107960781485
2y5okv7vh86anayummkc6asid,F. León,CS Emelec,25,0.5010853108187278,0.56,0.05891468918127224,0.1119050914989678,0.16,-0.04809490850103221,-0.3124143648814963,-0.44469110058425715,12.085599166323554,1.481706422451877,10.39657163066215
7f1eclcdjezvwn0vg4bm4muzu,J. Cacciabue,CD Universidad Católica del Ecuador,3,0.4287991388520198,0.3333333333333333,-0.09546580551868651,0.09317195569391197,0.0,0.09317195569391197,-0.90980497918863,-0.46688369896681553,14.647174620469096,-0.2523967833427297,2.9172797766448713
9t0l2rbmlc2aaas1dkbq5d1jo,O. Moscarelli,Manta FC,48,0.5708665514962676,0.625,0.054133448503732355,0.11287038053814848,0.14583333333333334,-0.032962952795184845,-0.5271065335911023,-0.48021634048155154,7.481427487325114,0.556649741701009,3.9184098748522165
828hvoj3o5eg35zddusyzkep6,P. Boolsen,CD Cuenca,40,0.5759325432618839,0.6,0.024067456738116114,0.07458861664188472,0.025,0.049588616641884714,-1.4662566523907556,-0.48175283538132385,5.797289804551177,-1.7817507082792308,5.379447036409839
dgvh151r1x9xuu8l75u2icphw,D. Coronel,Libertad Fútbol Club,2,0.47898245699237874,0.5,0.021017543007621264,0.16528327141264018,0.0,0.16528327141264018,-3.2715138758089863,-0.5820893745431723,2.1081964288149866,-0.8842578921393436,-6.1589393396996925
e8p9cqr7avuvp52dzrgfuproq,A. Copete,CD Técnico Universitario,13,0.5952322186861724,0.5384615384615384,-0.056770680224633975,0.09614631196411795,0.15384615384615385,-0.05769984188203589,0.7983447997844734,-0.6348596306924049,6.10368138235397,-1.1936970262502176,5.751820111529641
ecb54se2u1pvo0rmt3iru3uac,L. Gustavino,SD Aucas,25,0.5479976978632078,0.44,-0.1079976978632078,0.06087134626910899,0.04,0.020871346269108994,0.11520235550309707,-0.6517044290923464,12.899712563928244,1.2955538588570494,9.473586366008904
38q8apztbt3nuku8x15mc4wdl,J. Hernández,Mushuc Runa SC,22,0.6049014775119025,0.5909090909090909,-0.013992386602811569,0.07576328454623324,0.045454545454545456,0.030308739091687777,-1.0568754332210408,-0.7421682128738399,9.335013200670215,-1.225531916601694,4.8646831906378685
5t1zsk9kamjebuvv1yl34aga1,M. Maccari,CD Cuenca,7,0.6011474045602233,0.7142857142857143,0.11313830972549109,0.052141113550472476,0.0,0.052141113550472476,-2.6686949469464785,-0.7551951464344804,3.0784871300746306,-3.716395145612634,3.0201797624940423
6jhr91d1ygvu4qmk4195lyhhw,J. González,Mushuc Runa SC,13,0.5292657266169468,0.46153846153846156,-0.06772726507848534,0.10236678617149388,0.0,0.10236678617149388,-1.6137764458273556,-0.7555473040398011,7.936904151874202,-0.41931507603098395,6.816571350380894
331356b5m6szohsfmdj4t96hg,D. Nazareno,CD Universidad Católica del Ecuador,2,0.6555541256363424,0.5,-0.1555541256363424,0.05096596539918298,0.0,0.05096596539918298,-0.17365820554032751,-0.9647099809160053,10.426918820681852,-4.421338018544523,12.642336631498267
1fab10afkxbr61lgr3okne3xm,B. Viñán,Orense SC,3,0.4610523753368761,0.6666666666666666,0.20561429132979056,0.11200317466881167,0.3333333333333333,-0.22133015866452166,0.2648929515466865,-0.9989165151232307,12.505922094176944,-0.2513508117153158,7.4420989897456336
61abb2agjc40e0bou68rln0t1,S. Tapiero,SD Aucas,8,0.4646175629338485,0.5,0.03538243706615151,0.10178986934498659,0.25,-0.14821013065501343,0.8325970702512984,-1.0367305189123874,14.05294298492413,-1.0835010066663089,5.300722302945623
6ofi3ekwysuhjtw82h8ydjrbo,S. Postel,CD Cuenca,41,0.6023512577501734,0.6097560975609756,0.007404839810802151,0.07298343685696149,0.04878048780487805,0.02420294905208344,-1.5392885227165063,-1.1021958888272327,5.830948992703232,-2.9505984153001297,4.362404604262598
5w31tnx3x1093n9mojsbjo9p0,Y. Quiñónez,Liga Deportiva Universitaria de Quito,7,0.585634956197722,0.7142857142857143,0.12865075808799223,0.0740179632769894,0.14285714285714285,-0.06883917958015348,-1.366384435908748,-1.1124645487311289,4.10828087016924,0.6540404808224177,-2.8054544668718244
ep0zxr95nch7d9gqbb47afg9g,D. Romero,CSD Independiente del Valle,3,0.6034500773524551,0.6666666666666666,0.06321658931421152,0.04601286256392347,0.0,0.04601286256392347,-2.4454861851028142,-1.1231273535018467,4.340855497542459,-11.094016117849042,7.101713181322791
9cjt8bpelefv3ht1kgcw0hlas,J. Caicedo,Liga Deportiva Universitaria de Quito,6,0.6435842525877916,0.6666666666666666,0.023082414078875083,0.0715879198053061,0.0,0.0715879198053061,-2.4405447113193532,-1.1359017734510113,2.737660006595732,-3.8875958009689064,6.130823478090257
26qj2mmro3u4k3l2oj4k4u0a1,K. Peralta,Mushuc Runa SC,17,0.5817103157435133,0.6470588235294118,0.06534850778589853,0.09070591019263385,0.11764705882352941,-0.026941148630895563,-1.4412750241956278,-1.1919071758000768,7.13499154287315,-0.5111789517468827,0.35104181095950415
yjhnelunsv9ulnll2vd930iy,M. Carabajal,CSD Independiente del Valle,37,0.5326352818715941,0.5945945945945946,0.061959312723000426,0.08036289790734581,0.10810810810810811,-0.02774521020076229,-1.4321993973498748,-1.2287844231313043,8.364467665909372,0.5659517333056393,2.3216714959650706
3eydszdgiwc4nlfnlmt5avzai,A. Lorenzo,Orense SC,28,0.5118653186493065,0.5357142857142857,0.023848967064979243,0.09047081763467688,0.10714285714285714,-0.016672039508180272,-1.3397696393434446,-1.3513605613163564,8.300012936488672,-1.1639745402382347,6.932532749195703
eekdiyrxu0wkcbos9je47qnvu,J. Quiñónez,Guayaquil City FC,54,0.4684251570644822,0.42592592592592593,-0.04249923113855626,0.10559842445193295,0.12962962962962962,-0.024031205177696684,-0.6163140771694094,-1.4017744662204223,9.023395962551351,0.09294326398249085,8.433112137212898
2idyzhv28zjuu6gdgi0h2776c,S. Morales,SD Aucas,33,0.5493216915937396,0.5151515151515151,-0.03417017644222439,0.08125390986062372,0.09090909090909091,-0.00965518104846719,-0.9286564095043606,-1.4151858896536123,7.90465120433101,0.14327410394390927,5.552058118705331
9xie4t8janfxnzhqis2yb17u1,S. Etchebarne,CSD Macará,27,0.5276008054086523,0.5925925925925926,0.06499178718394036,0.07132138579628433,0.07407407407407407,-0.0027526882777897405,-2.0928836673693407,-1.4842561196967832,11.321587262590752,-2.0762785037268725,5.460573709493571
7py0p0nixs4vkf6kehq0thi0a,Angelo Mina,CS Emelec,6,0.518060384472078,0.5,-0.018060384472077983,0.12281944271975732,0.3333333333333333,-0.21051389061357598,1.8395039222087253,-1.498808281715694,11.807706152580884,1.7550743083481992,5.055289245624732
5ec3r0iojjvs4edr1t5wrb105,J. Marrufo,CSD Macará,36,0.5570693523004393,0.5277777777777778,-0.029291574522661474,0.08359025543614095,0.05555555555555555,0.028034699880585393,-1.6879614647652024,-1.5603567117830361,8.494475484702988,0.3335341906169651,7.889022477859273
cchjht9k105ahfv8fs5h5rac4,B. Ramírez,Manta FC,8,0.4882100453364718,0.5,0.011789954663528196,0.12505589152214813,0.125,5.589152214814999e-05,-1.717227405270692,-1.5984894858031873,9.07149597513931,2.4796986542918438,5.391700599519461
37g2yad9dclsawgbaun51wb9w,M. Burdisso,Delfín SC,65,0.5137077759147101,0.49230769230769234,-0.021400083607017773,0.13241206882449186,0.15384615384615385,-0.02143408502166198,-1.0802614516395985,-1.6157735630347063,9.69035487795092,1.5745378681815232,7.627436201999233
65attw5qx5xj8ekiu5iqtj4yd,J. Cevallos,CS Emelec,2,0.3933128307618643,0.5,0.10668716923813568,0.22633311727027372,0.5,-0.2736668827297263,1.179527197687741,-1.8586043508767958,11.02703224294465,5.588953227716783,-0.27803743957746363
952ueunzfp95nu3z3ii4qbg89,M. Lucas,Libertad Fútbol Club,14,0.5249523913271509,0.5,-0.02495239132715093,0.08178267815044572,0.14285714285714285,-0.06107446470669713,-0.7354026389133145,-1.9010435227852807,5.048925454887914,-3.307474794266262,2.2260419375063014
6rkmmvmaiihg4un5jzq5caqs4,Á. Rangel,Barcelona SC,32,0.523391587852999,0.4375,-0.08589158785299904,0.09177790368979437,0.09375,-0.0019720963102056338,-1.0268520364266975,-1.915349359609772,10.137913293308461,-0.13891344435676767,8.487827881425467
b5b0gp63p5mdpusl6lc56q4bu,G. Anangonó,CD Universidad Católica del Ecuador,10,0.5796959700054843,0.6,0.02030402999451563,0.0671427740486973,0.1,-0.03285722595130271,-1.8628426223327956,-2.1526607116571808,5.738544499502447,-0.7743423356808791,4.3628422523324994
82tv12725p2ksqd4ycerj7nmy,M. Ortíz,Manta FC,42,0.5643793496201885,0.5714285714285714,0.007049221808382858,0.11233402005551853,0.11904761904761904,-0.00671359899210053,-2.1574829897838126,-2.1876947565814913,6.524178029927491,-1.9962522703798373,6.691816168536668
eydla4uzkgvznobv6qm4njnit,J. Chancellor,CD Universidad Católica del Ecuador,39,0.49491194677338474,0.41025641025641024,-0.08465553651697445,0.09191738031609743,0.07692307692307693,0.014994303393020507,-1.613083484966428,-2.234724299240865,8.250178545232517,-1.0382387840716554,3.8082185198440994
ew15n1tgyp9phnohfcagddtqt,R. Caicedo,CS Emelec,32,0.5787937461410082,0.5625,-0.01629374614100823,0.08807286698289388,0.0625,0.02557286698289388,-2.622420430442025,-2.401764887108699,9.124115376125754,-0.19421596930882612,3.584594289871875
btr2durmvo9tz31ksdht2syz8,O. Medina,Delfín SC,8,0.5939965745439727,0.5,-0.09399657454397266,0.06313016605570798,0.0,0.06313016605570798,-2.7822168885688505,-2.7752301431729576,4.394731080037342,-6.854993427771713,4.319567009515941
96f99w3zmz02yefrj2budsd1w,A. Chére,Libertad Fútbol Club,6,0.4296546414627706,0.3333333333333333,-0.09632130812943725,0.0858949439634416,0.0,0.0858949439634416,-3.339380424097014,-3.0141693459397625,8.174827782864195,1.6574920534894624,5.862142317769099
e9dx4jgloxfmi6zi1domqfzai,D. Bolaños,CSD Macará,7,0.6667972320203722,0.7142857142857143,0.04748848226534212,0.03983874938175218,0.0,0.03983874938175218,-4.093418788746824,-3.0209527253671196,5.056474333545426,-0.033118174474908155,5.450449907775318
2g9n183x59e764xsohjxzcwes,A. García,Libertad Fútbol Club,36,0.5441233091187084,0.4722222222222222,-0.07190108689648617,0.07561260257204792,0.05555555555555555,0.02005704701649237,-2.612138521024075,-3.030293684741551,6.135639380694407,0.5397297331531892,2.8800148562855252
9mrxht9j08y9w07w3877o2gwk,Ó. Quiñónez,Orense SC,31,0.5227220010995889,0.41935483870967744,-0.10336716238991153,0.09062485608846652,0.03225806451612903,0.05836679157233749,-2.9043372962396337,-3.062507046553687,8.553561387769781,0.9591778216964131,2.760312821491789
dvwgv7hgrv6dptexq1b5led0q,J. Morán,Leones FC,25,0.56370730068514,0.48,-0.08370730068514,0.08676265391755834,0.16,-0.07323734608244166,-1.1685045712572992,-3.104137769345324,10.899692609144871,-0.4326609374221136,6.8166967046185185
dll3x4ua7q15dcb7gbm61jso9,L. Segovia,Liga Deportiva Universitaria de Quito,30,0.5748754678340352,0.4,-0.1748754678340352,0.08042457963203375,0.03333333333333333,0.04709124629870043,-2.137301367376307,-3.1796873512361525,8.517037667369468,-0.5582773196027423,6.490302313685716
bjzxx0p23kmsxnxvlm9e8ajqi,I. Zambrano,Libertad Fútbol Club,6,0.495743401005738,0.5,0.004256598994261969,0.10830273864563895,0.16666666666666666,-0.058363928021027696,-2.5112747557128983,-3.344167686085694,6.306343838463789,-5.29156383776263,9.145999676845063
ebhp98vhq24z7qe8ftj7zuk89,D. Reasco,CSD Independiente del Valle,5,0.4150386018712372,0.4,-0.015038601871237234,0.12068355671471513,0.2,-0.07931644328528487,-2.0259966849638635,-3.3661293529555096,11.066416493578618,-6.741924811382981,11.392273963546037
7ag9uvbnhisady8wrv80mewa1,J. Bocanegra,CD Técnico Universitario,9,0.5094289486033001,0.5555555555555556,0.046126606952255324,0.09052234523641259,0.1111111111111111,-0.020588765874698507,-3.623741918540711,-3.4713073371386347,6.7427459726033865,-0.7685094402512647,5.681434288488396
6qoy8u4lz8gyvk8pw702ujdgp,B. Hernández,Delfín SC,4,0.6943926258094476,0.75,0.05560737419055237,0.03608905511766859,0.0,0.03608905511766859,-4.603614731905076,-3.506205163234524,6.2439432255214715,4.835033708070469,1.1928138657491
f2u5upcopb9zg84ajapcecy6s,M. Lugo,Barcelona SC,11,0.47920112571514506,0.45454545454545453,-0.024655671169690526,0.13267072003237138,0.2727272727272727,-0.14005655269490136,-1.1951842315593402,-3.5425892336797657,9.678852123670394,2.786485115361872,4.930426074704898
2d32ts9coz4u96nvkg9jufoyc,C. Arteaga,CD Técnico Universitario,1,0.37563666142979596,0.0,-0.37563666142979596,0.10795639799432205,0.0,0.10795639799432205,-1.5565359147082507,-3.69355655909138,11.738138648192784,5.103631926116744,14.355485409189107
95er3htmtjfl43zq2ydddb6dw,J. Chalá,Barcelona SC,5,0.5150995965225282,0.4,-0.1150995965225283,0.07126297572608772,0.0,0.07126297572608772,-3.732020993464438,-3.8140723227984052,4.725683409089402,3.6152842439570563,3.510072240652016
d05jqknpj4nbxaw1ehvnxh5ud,D. Benedetto,Barcelona SC,1,0.3822949258081557,0.0,-0.3822949258081557,0.0830191615121586,0.0,0.0830191615121586,-1.3396785565498597,-3.917340391949038,29.53985723884351,10.56952697142664,4.800189114499489
2uwx5yky9qc644tztx2zti28l,F. Martínez,CD Universidad Católica del Ecuador,2,0.4064835968544004,0.0,-0.4064835968544004,0.11349307063302398,0.0,0.11349307063302398,-1.6088826456865704,-3.971322554735214,25.578807619665284,-7.197826705026354,25.13045663463611
4gjqfbixt2mkc065n2c6npawa,S. Quintero,CS Emelec,22,0.5171596779847015,0.4090909090909091,-0.10806876889379238,0.11164224336495804,0.13636363636363635,-0.02472139299867833,-2.5791293755660503,-4.0306379594841495,8.567221910951176,2.719017721128869,4.432953323720889
1kg0a71ryvy9641bml2ykgwt0,G. Heredia,Delfín SC,4,0.55627101952028,0.75,0.19372898047972004,0.09680352306119842,0.25,-0.1531964769388016,-3.7507183274380678,-4.11137567672289,2.47480664313299,-8.53038734467344,4.093463186786563
7pi40tylgulc04ioiblklasyc,J. Chacón,CD Cuenca,5,0.5011729204711287,0.4,-0.10117292047112872,0.08087365822016657,0.0,0.08087365822016657,-4.40174151516444,-4.20036584657323,3.5324476718048614,1.7884326208196775,-0.09004042002119447
dfukjz4s094x6yp7lwvdvtolx,R. Zambrano,Libertad Fútbol Club,9,0.5529010599729982,0.6666666666666666,0.1137656066936684,0.1493471543473755,0.2222222222222222,-0.07287506787484671,-4.247876072679936,-4.203346023865952,5.763055536527981,-3.4890788484767237,5.36373959388361
6sdxc25sqt45zjqiml8two7op,J. Viacava,CSD Independiente del Valle,27,0.5313663832655923,0.4074074074074074,-0.12395897585818484,0.08640761058169738,0.07407407407407407,0.012333536507623309,-3.1863072953176523,-4.240894006285152,9.7353187591594,0.35102279931672487,7.079980231035302
crxjzl49plplfjs7utwhuqcyc,W. Caicedo,CD Técnico Universitario,1,0.39569526100331,0.0,-0.39569526100331,0.21851845709006593,0.0,0.21851845709006593,-3.781559367407151,-4.460735121089261,16.612420941625334,11.376672113637635,9.029167978444534
4vgrs0md7is0ix07my83dlwix,P. Ortíz,CS Emelec,2,0.4806230235123512,0.5,0.0193769764876488,0.06927645678467137,0.5,-0.43072354321532863,1.7840605062497659,-4.483022877103677,15.158604701483997,5.536175038824291,6.722900560752194
cljjb4yaxbdx38l3r3lmohb3e,M. Miranda,CSD Macará,4,0.45602243369645584,0.25,-0.20602243369645584,0.14438801029464998,0.25,-0.10561198970535003,-0.9239117032630371,-4.568315885807846,9.184139783632801,-4.414010424521461,15.207974995093945
cr76m17d1og48m9um810j7z6x,N. Leguizamón,CD Cuenca,4,0.4814088595119189,0.5,0.018591140488081068,0.128398714571271,0.25,-0.12160128542872897,-3.2294810077884124,-4.867588884338536,12.809309907953693,0.006057143121705799,6.800595959421402
1ssikdiam6tm8crkspn9y5p79,G. Rivero,CD Cuenca,6,0.4477068442152386,0.16666666666666666,-0.2810401775485719,0.14485090739366813,0.0,0.14485090739366813,-4.252791537501866,-4.890429702082563,9.950872996915843,6.184640129940624,1.484995842694066
1ftsi7wqe7zcrmzvk9m8d5el0,R. Borja,Leones FC,2,0.5732302424123342,0.5,-0.0732302424123342,0.07204360236515961,0.0,0.07204360236515961,-5.272981686421231,-4.924630075067178,-3.552825594239295,-4.797159428423415,0.36858760072323804
3ezi5wz8kxifzwvm97ywy1fdg,J. Ayoví,Guayaquil City FC,13,0.546671511338335,0.46153846153846156,-0.08513304979987353,0.07917774764270048,0.15384615384615385,-0.07466840620345336,-2.997102092279201,-4.968458683329738,5.389795603295533,0.2949459672769409,0.43514931958322
7nb8wttu9vq5vyvc3idkuci51,Á. Mena,Orense SC,2,0.43536431432946743,0.5,0.06463568567053254,0.14158185764871134,0.0,0.14158185764871134,-7.841582452696895,-5.0714977312609,-1.5720599607064538,-7.538977626099086,-0.4993774448800137
8gy8s9ea67vkmgdce51oif089,A. Naula,Guayaquil City FC,9,0.4829987512208505,0.3333333333333333,-0.14966541788751714,0.12770408276714212,0.3333333333333333,-0.20562925056619122,-0.5451219078906395,-5.126214845258679,11.87824547707697,0.9465774258341413,7.301973716836593
bgom4s2swmotuvtklxlrlngus,E. Pepinós,Leones FC,2,0.5435191917737167,0.5,-0.04351919177371663,0.04371888240991979,0.0,0.04371888240991979,-5.399352362721258,-5.178761044309629,-3.741153106433047,-3.4634063149282355,-4.182265632400943
a5iesdrky1ux0s099cfun6ycq,E. Segura,CS Emelec,23,0.5525284606471186,0.4782608695652174,-0.07426759108190127,0.11289830303633148,0.21739130434782608,-0.1044930013114946,-2.8727753133582246,-5.182846243849656,9.622039905680374,-1.6428563320939567,6.458127466831529
6t5g9e7119c15ir6ww3gex80l,F. Carabalí,Mushuc Runa SC,26,0.5087711017527626,0.23076923076923078,-0.27800187098353185,0.0763412583983922,0.038461538461538464,0.03787971993685373,-3.0024004197178757,-5.214223330500388,7.159747285960373,0.8367919212593494,4.7385978349784335
3lz2li4ohdy8qok9i8xexuvx0,B. Corozo,Libertad Fútbol Club,3,0.4372353811019716,0.0,-0.4372353811019716,0.07714775806259332,0.0,0.07714775806259332,-2.004354072692405,-5.219491512773222,13.544554485189778,2.1408990595245876,-3.9428391513065626
4vnrab0z6uml0wnimjmfi16fp,A. López,CD Cuenca,8,0.5554510935034339,0.5,-0.05545109350343387,0.08837172285745495,0.25,-0.16162827714254505,-2.2619426671914384,-5.240877759363953,11.517911404524348,2.4389898768130314,6.29110853994095
esrdy1ms5ugjhn1upuyh4dono,S. Bueno,Libertad Fútbol Club,1,0.9102382731077139,1.0,0.08976172689228612,0.0241077149058812,0.0,0.0241077149058812,-6.592749082806684,-5.333516090295604,0.0935574604660014,4.8529219539636514,5.711157234912818
7zl2v8insr694i0l6oqg68lqs,E. Zúñiga,Delfín SC,7,0.6112632026412224,0.7142857142857143,0.10302251164449186,0.14342325689011123,0.2857142857142857,-0.1422910288241745,-4.266297206833139,-5.370437522750836,2.8765341910622904,-4.4981367719985865,1.3362140585780493
677337y7ae2lsr9tvlaaxcfyt,C. Arboleda,CD Cuenca,11,0.547316540415674,0.5454545454545454,-0.0018619949611285889,0.08975123952588955,0.18181818181818182,-0.09206694229229226,-4.040630078530861,-5.4402541625265295,8.184945645239033,-2.9664544750290145,5.6555441974355265
bpfwulsnogge691lrxs596m3u,C. Castro,Libertad Fútbol Club,5,0.5362590874769708,0.6,0.06374091252302921,0.09805096888761819,0.2,-0.10194903111238181,-4.794977735444152,-5.686804076899588,2.458582113625899,-3.979074121601964,2.358772322583828
agtfd2fbpgajpgqhj8mfwdkpg,M. Vera,SD Aucas,1,0.5159657540383212,0.0,-0.5159657540383212,0.04865486991295034,0.0,0.04865486991295034,-1.3781825739610944,-5.808017065650051,23.123635037787807,-3.343020194105259,25.09138112107328
eg4286ey3utczgcwnzkms4b9w,M. Valencia,Manta FC,4,0.5886712290554734,0.5,-0.08867122905547342,0.05110793797685524,0.0,0.05110793797685524,-5.719218661827005,-5.839311882728912,2.165291783334446,0.12901776666097287,2.6608514500670166
3oyfdo7dnp4taew78zalpjp0q,G. Villamíl,Liga Deportiva Universitaria de Quito,2,0.5285382983107085,0.5,-0.02853829831070856,0.09997437037537041,0.0,0.09997437037537041,-7.142196357439466,-5.927963784915995,4.230736029644872,-11.991927855056794,-6.272546796506712
9lwszt2ajw01zz5cip8ykpxm2,B. Negro,Mushuc Runa SC,23,0.5728980156850391,0.4782608695652174,-0.09463714611982166,0.09809619492241521,0.17391304347826086,-0.07581684855584565,-4.09701726391642,-6.1806414534523215,6.8224249789358735,-2.1046550166839824,3.254395719328669
5q5sfnmi5ppd84vids5hmjglx,J. Méndez,CSD Independiente del Valle,10,0.4444688676884013,0.2,-0.24446886768840131,0.07597264884583,0.0,0.07597264884583,-4.948255667208981,-6.253354611405544,12.214233332092702,1.8146058580374866,9.692282912122696
9g05j8p6gyul0zlnx70rffkve,S. Mina,Orense SC,16,0.5658850322481268,0.4375,-0.12838503224812686,0.10203049764897752,0.1875,-0.08546950235102248,-3.6934684248284877,-6.259361282575093,6.483280924619014,1.543671444304681,-2.1735305124156628
461453uxbydo50nz8jgit1h7u,I. Guerrico,CS Emelec,24,0.5431397786111003,0.375,-0.1681397786111003,0.09617783410856913,0.125,-0.02882216589143086,-4.508203042769032,-6.621933317251499,6.139252935896817,0.901021897128674,0.48577271606995803
2h4eos89vmme3eicv98m2997t,J. Jiménez,Manta FC,6,0.4760247551515411,0.5,0.023975244848458904,0.1301516869004969,0.16666666666666666,-0.03651497976616978,-6.430567510958579,-6.738539758966536,4.319013816543019,-6.991153763550212,4.332634879013109
ax5i011x824dnqvapwzejj76c,J. Majao,CD Técnico Universitario,15,0.4436040550094255,0.3333333333333333,-0.11027072167609218,0.1230538103645304,0.2,-0.07694618963546959,-4.491954436687896,-6.7488544979808625,10.700585630472007,-0.4031149054008215,11.727689215981023
81l0r066zi9ej72m0cszlsd4a,J. Humanante,Guayaquil City FC,2,0.5282524918830422,0.0,-0.5282524918830422,0.12319591589080266,0.0,0.12319591589080266,-3.4492159479344435,-6.883802128402826,11.92170857307578,12.213206434444976,2.464455472840587
arhlqnn9ujrbha6u01mf0eort,N. Dávila,Mushuc Runa SC,12,0.4884207828072343,0.3333333333333333,-0.15508744947390093,0.10633704963046892,0.16666666666666666,-0.06032961703619775,-4.649249543288755,-7.105068293570731,8.943281574114454,2.707765002196394,1.3934359367824563
czrsu9ep8tzghq0klucpfv6c5,B. Caicedo,Orense SC,22,0.5184479332023382,0.45454545454545453,-0.06390247865688364,0.08916845072474446,0.09090909090909091,-0.001740640184346439,-6.6881340991810365,-7.35326848851507,6.3265862834954305,-1.6543536300797157,4.470965231214444
bmsylxbrzn89kjb9tca6acdpm,J. Cuero,Liga Deportiva Universitaria de Quito,3,0.6723829983116815,0.6666666666666666,-0.005716331645014783,0.02688559428295779,0.0,0.02688559428295779,-7.975524192013668,-7.62940359421945,6.413527671648808,-7.104043630444406,2.00702078385838
ddcse81t1urdko6kgvwb85jis,R. Chila,CD Técnico Universitario,8,0.474076853360758,0.25,-0.224076853360758,0.10239686529645829,0.125,-0.0226031347035417,-5.12579611334511,-7.705611667505815,6.697700522761163,-1.7392228271457635,2.0500562122134642
1e7juof1u405ilf986rbu55p0,M. Cagua,CD Técnico Universitario,22,0.4840630958161023,0.2727272727272727,-0.21133582308882956,0.07021713490405652,0.045454545454545456,0.024762589449511072,-6.038653993528229,-7.780573382673858,6.338575695585883,-0.32396084284428633,4.273463752483949
75wzlsjjkcclaza765jikk5hx,É. Vega,CD Cuenca,12,0.5311547583931018,0.25,-0.2811547583931018,0.08046406562144777,0.08333333333333333,-0.002869267711885564,-4.994859789631999,-7.8494463892413,10.115096097391623,-2.2472767562372273,9.482608755859376
f474w28at57v8nis5zkf0ihp0,A. Aguas,Leones FC,6,0.5115925261284794,0.3333333333333333,-0.17825919279514602,0.1254108577528496,0.16666666666666666,-0.04125580891381706,-5.465919554591662,-7.8673486162503785,4.551088611586326,-3.6376015800730954,7.662240379477828
bpsts2bw6gw3wjebjyxjjuqui,B. García,CD Cuenca,3,0.6236935810861478,0.6666666666666666,0.0429730855805189,0.0631988880063213,0.0,0.0631988880063213,-9.362587769804913,-7.984873593904905,6.2179211456756285,-5.431727711902364,-2.9108057532610574
67po6omu9d6depk46axzcy7yt,H. Batalla,Libertad Fútbol Club,6,0.44300505295055115,0.3333333333333333,-0.10967171961721782,0.09829201916619763,0.0,0.09829201916619763,-8.386807855295407,-8.00914476397462,3.7061038482518343,-3.950286270466916,-2.2005579669023283
1gny9mulu8a588c5fneu72590,José  Caicedo,CD Técnico Universitario,12,0.5338053744807602,0.5,-0.033805374480760146,0.09404495113179102,0.25,-0.15595504886820896,-5.403953270892412,-8.081332748723147,6.349433707045883,1.0862821338543989,4.890190740253425
7kihndiwtubq0hitl7sdix6ok,F. Ratotti,Delfín SC,1,0.2094815141728546,0.0,-0.2094815141728546,0.08806872699976484,0.0,0.08806872699976484,-7.363403895783225,-8.137188132515298,9.833811592097106,5.717794379806495,9.807626443835204
bw2caybg3rvaw4phdpfesxq1g,D. de la Cruz,Liga Deportiva Universitaria de Quito,2,0.6677465503708314,0.5,-0.1677465503708314,0.04143635269214674,0.0,0.04143635269214674,-7.240681512986028,-8.296601726312142,6.6199642674367,-2.785014885839738,8.992355251655876
c74dqd8wbe059xsmdo2twmec4,S. Vasquez,Orense SC,4,0.568206176276952,0.25,-0.318206176276952,0.06413951500252349,0.0,0.06413951500252349,-6.134214015084206,-8.354183052815875,8.741698281686787,-0.5784931370205406,8.398616770427386
4c5lucolhbv4u0ye9fd35widw,J. Espinoza,CSD Macará,5,0.5315487587745769,0.6,0.06845124122542315,0.09927503415848896,0.4,-0.30072496584151104,-4.548554014443868,-8.3749160898123,13.692166799229156,0.8362953833457414,15.297507513148616
3nfmwbpmy7b7peqmplyxxyf4k,S. Valencia,CS Emelec,10,0.49142086118604783,0.4,-0.09142086118604778,0.12253469505237642,0.2,-0.07746530494762358,-6.395517015874351,-8.471705201949183,6.918017465426189,0.019267336390669777,4.318625416936395
eb2d87d8tfi6cxjcntkfdrdhw,L. Moreno,CD Universidad Católica del Ecuador,3,0.46816425954559554,0.3333333333333333,-0.1348309262122622,0.10209581907275221,0.3333333333333333,-0.23123751426058112,-3.9534197548218857,-8.770291730853225,6.162830078268553,-5.252188105712581,2.867821355086489
5utt2o4cz63soj6whop7qokph,J. Anangonó,Leones FC,15,0.4297097777293393,0.26666666666666666,-0.1630431110626726,0.1743047758108629,0.3333333333333333,-0.15902855752247044,-4.853651624204428,-8.86951109766821,8.095883032212283,0.2826912167725252,5.750852987823203
8ybsgyu8jljs0b6fstzyy8dwq,A. Bolaños,SD Aucas,1,0.435950799282623,0.0,-0.435950799282623,0.08692466920902167,0.0,0.08692466920902167,-6.234450646837951,-9.290088601528854,12.41924045344637,-5.60630462188594,5.1912154788377975
d7im7zieua6bh8y8m5eh646xg,R. Quiñónez,SD Aucas,9,0.5498840398198955,0.3333333333333333,-0.21655070648656222,0.06227130520353866,0.1111111111111111,-0.04883980590757245,-6.55160532271912,-9.44970947619833,7.335080879503143,3.2804820349797925,-3.9832391606856437
cjuzc9zrb8bxrtzibupaa00t0,A. Medina,Manta FC,14,0.5466691258555586,0.5,-0.046669125855558616,0.13441563979070845,0.2857142857142857,-0.15129864592357728,-6.981294830439704,-9.717465777848949,6.59383362091591,-2.785626393866455,2.876800018204818
1u35d0xow5dg9mb70u7ofnx1w,M. Sevillano,CD Universidad Católica del Ecuador,2,0.5819741485448278,0.5,-0.08197414854482771,0.04683434788610025,0.0,0.04683434788610025,-9.602741330688026,-9.7199675978448,4.55721395115582,2.52352066119672,-3.1273087491319487
eeah84g5blmmk17uxkr75sga2,A. Mena,SD Aucas,11,0.46703089754930444,0.18181818181818182,-0.2852127157311226,0.10165918413746867,0.09090909090909091,0.010750093228377765,-7.300833316919914,-9.991709075805474,6.62574348712742,-1.1707089381491036,3.7706578304201512
9bsreacxxli5mj5npxgu1ht04,G. Rostagno,Orense SC,4,0.4956171096395915,0.5,0.004382890360408509,0.1437915971600079,0.5,-0.35620840283999217,-4.696254357088563,-9.99555149608436,9.647906760674834,-5.230471532000384,9.14528324119053
qtilzeesr535rrklzb5d2qz8,Eric Valencia,CD Universidad Católica del Ecuador,10,0.4728216596746845,0.2,-0.27282165967468447,0.06848947891719583,0.1,-0.03151052108280418,-6.836505089433475,-10.03737950242238,7.488709005521978,-2.7476912791196946,2.5250800573160426
f4yuzcic4ptvggp470qj77tw4,J. Troya,Manta FC,1,0.24277970814454292,0.0,-0.24277970814454292,0.0920397437739501,0.0,0.0920397437739501,-9.262762184822202,-10.30996310965838,7.64556920454368,1.9859148370763613,9.42312767554293
dukia9yvlzkug4gw890nwneok,Á. Rodríguez,CD Universidad Católica del Ecuador,1,0.31870167161214935,0.0,-0.31870167161214935,0.04600246518312513,0.0,0.04600246518312513,-7.848879621805214,-10.345859360179832,20.25197890637178,4.220168877933258,-3.2411121306233213
cc6hut3e5vccvj399c9gb1m1,B. Castillo,Barcelona SC,2,0.4752579663757221,0.0,-0.4752579663757221,0.09701885294172792,0.0,0.09701885294172792,-7.518887793315579,-10.816184662946881,6.208013462979801,0.6940742401509752,9.884857140721909
c1aju0uc38c9zy2qvljzizo16,G. Napa,Guayaquil City FC,1,0.33559409937613627,0.0,-0.33559409937613627,0.09672547691856113,0.0,0.09672547691856113,-9.106360168590044,-11.011419008572988,1.085840204603162,-4.241665667085314,9.223023031158554
6c5z6whsuoapbdrwn4368orft,J. Quiñónez,Barcelona SC,7,0.4887191212479295,0.14285714285714285,-0.34586197839078664,0.1371057301954357,0.2857142857142857,-0.14860855551885002,-5.602470547491287,-11.290218664181904,9.880602446289085,-0.6835186403441215,6.15032447071214
3pseo7ehrlksshbk4s9heg6c4,A. Spina,SD Aucas,3,0.36647592332248746,0.0,-0.36647592332248746,0.08602607385566625,0.0,0.08602607385566625,-9.039981167935997,-11.414349293325877,6.197280295902085,-1.9867216321844747,3.661538855719852
ap8ap2sf853wup3k7vnfndd04,L. Fragozo,CS Emelec,1,0.4218738385084734,0.0,-0.4218738385084734,0.06536948739450886,0.0,0.06536948739450886,-8.322122083042293,-11.560318157209394,10.181091136449844,1.6878022808295867,12.848952787957424
83p554lqkya2wsmfy2mwt0844,S. Porozo,SD Aucas,7,0.40213431137331496,0.14285714285714285,-0.2592771685161721,0.0811951221464154,0.14285714285714285,-0.061662020710727454,-8.150570902684583,-11.668272898507215,8.565655949181574,-0.21818783528815416,5.941269007852534
ecd9ao2y87pqxws6040ipn7dg,A. Londoño,CD Universidad Católica del Ecuador,1,0.49404428138696516,0.0,-0.49404428138696516,0.03432866442623769,0.0,0.03432866442623769,-7.2739773383616,-11.699490185837687,3.419744409481659,4.191698838783495,-4.966733619218651
4sxp28twayts4igb4l73lqmms,L. Loor,CSD Independiente del Valle,6,0.5078576133315944,0.3333333333333333,-0.17452427999826106,0.09420760926074877,0.16666666666666666,-0.0724590574059179,-9.211533370533664,-12.043662031605045,3.203302988196292,1.5014620124843983,-3.787812405157858
cxqbwbvx2qlrj7zusragqozys,Jefferson Nazareno,Manta FC,8,0.46788148428985543,0.375,-0.0928814842898554,0.12518426687604364,0.25,-0.12481573312395634,-9.465275810360868,-12.266326650118767,2.992120230752608,-1.1053632541836722,0.4047605909605516
xlf5107rr4dgwmpncpa7lcoa,F. Ayunta,Delfín SC,9,0.4473297474501066,0.2222222222222222,-0.22510752522788438,0.17670349529135784,0.3333333333333333,-0.1566298380419755,-7.68354457279067,-12.284067395699147,8.575746267854635,3.366805930307015,4.580769501614752
daz411lyiqzu6dhkrjeev7zf8,T. Coppo,Leones FC,2,0.36263133246581836,0.0,-0.36263133246581836,0.08780350567557822,0.0,0.08780350567557822,-10.047390883657927,-12.356651623182437,5.5405977573582526,-4.182139237638288,8.593403418132581
cw6ziac0hqffu651f1ld1smad,K. Arce,CD Técnico Universitario,1,0.5017066273589639,0.0,-0.5017066273589639,0.11489594858830833,0.0,0.11489594858830833,-9.094074894823738,-12.387701939588752,7.322530238920937,7.477226933011259,-4.514474009232607
d1y3yery3949xre3uf9rhofe1,D. Mina,Mushuc Runa SC,1,0.19168550995838948,0.0,-0.19168550995838948,0.10564938641351315,0.0,0.10564938641351315,-12.09979867435422,-12.431912977735418,3.8495324593232425,3.626624846276446,-11.095837378181542
694zvj9x9pfl4iujjgp9yqy1h,A. Preciado,SD Aucas,2,0.3308274296973561,0.0,-0.3308274296973561,0.08806022259406884,0.0,0.08806022259406884,-10.963415200162283,-12.950786158224812,3.017762372851335,-6.840153348219713,13.96831565418153
2hmjyog4h464h23duog6kpht6,J. Rodríguez,Libertad Fútbol Club,19,0.5270329768608641,0.3684210526315789,-0.15861192422928524,0.07467982230390681,0.15789473684210525,-0.08321491453819845,-10.127888857162962,-12.962231817528789,5.645681547016986,-3.0740294062725133,0.9629034724935429
4h6n52nvl5qsvqh6skyub20a1,Jeison Medina,Liga Deportiva Universitaria de Quito,2,0.44601888677096213,0.0,-0.44601888677096213,0.026871593237774473,0.0,0.026871593237774473,-9.738584879162666,-13.79569984830567,9.585719463952802,-0.40365395572186813,-4.114465505401769
dw9cmjuxcytoron51mb4duot0,P. Ortiz,Liga Deportiva Universitaria de Quito,5,0.46712153421238656,0.2,-0.26712153421238655,0.10548715583000272,0.4,-0.2945128441699973,-6.824728909773578,-13.913636914447403,5.658348903998745,1.822354623188494,4.357164550923026
evdhj5d9a3066dzmxshdrg0lw,M. Caicedo,Leones FC,4,0.6214797819386009,0.25,-0.3714797819386009,0.07599773717866369,0.25,-0.1740022628213363,-8.491088454467885,-14.81592021617394,16.865654913610555,-6.7982755206556345,12.890785411324561
66qi673sdc644pz70xcttl0d0,O. Cabeza,Leones FC,2,0.4204637097311947,0.0,-0.4204637097311947,0.08816000221195137,0.0,0.08816000221195137,-12.486110834799746,-15.368347898932422,-1.8884649313589215,-1.2836976284943837,-4.705836933224839
5q59sztbi9mx0skofv2znig2d,J. Vergés,Manta FC,1,0.5615995970588736,0.0,-0.5615995970588736,0.042962667317920956,0.0,0.042962667317920956,-10.88988433884902,-15.861440299668942,4.351350872334544,4.27075516852188,-3.937386382627608
2qpqh53hrupycf358gpie41ec,K. Velasco,Mushuc Runa SC,3,0.4403811809740384,0.3333333333333333,-0.10704784764070509,0.12041551801737954,0.3333333333333333,-0.2129178153159538,-12.295861831703448,-16.560107537849806,-2.415504443320687,-2.0559712674534256,-1.1588536994270318
vqey0awa6vi7wuo8ep1j2p2i,C. Solano,Leones FC,1,0.6482081724649863,0.0,-0.6482081724649863,0.11754600342386379,0.0,0.11754600342386379,-11.93043761989324,-16.649329293185147,38.01674750226195,1.0870736567546082,-31.792502294357018
2urfneh4cg2b21og2x0w0721g,S. Núñez,Barcelona SC,1,0.370867492802795,0.0,-0.370867492802795,0.0372155862014317,0.0,0.0372155862014317,-13.813093620215763,-16.963534755222238,0.9691504878310636,-16.18211899420584,5.069670048320955
d7d208zfvkuvjaba38rlcjxl,G. Valle,Liga Deportiva Universitaria de Quito,2,0.45680973478157083,0.0,-0.45680973478157083,0.0454614356135857,0.0,0.0454614356135857,-13.219084006612718,-17.10525982022464,-1.5732902246646785,-6.075696190839436,2.5061018028937774
7b0l0if6ou4qw6umn9054nbl6,C. Angulo,Mushuc Runa SC,7,0.5103472649574746,0.14285714285714285,-0.3674901221003317,0.10757720882529608,0.42857142857142855,-0.3209942197461325,-8.703901005817793,-17.1937155230131,8.456543306154902,1.4979217277240455,0.1236118340243547
2cmnkc4qhbp58l4n10rcb6al0,C. Valencia,Libertad Fútbol Club,7,0.49758096047101574,0.14285714285714285,-0.3547238176138729,0.1105568461434292,0.42857142857142855,-0.31801458242799935,-9.176501221609781,-17.4939581341685,5.218727069666298,-0.9058943405681182,3.989476441913575
43yv0exqcpqfml27chvk28vai,E. Plúas,Orense SC,1,0.561306322629169,0.0,-0.561306322629169,0.10652220450377684,0.0,0.10652220450377684,-13.571030072712372,-17.586260231447408,-1.1617858030924522,-0.041306102016815,-2.2177207186114636
18thoegpfleusbgo4xki7g3it,D. Arroyo,Guayaquil City FC,2,0.45435136612383664,0.0,-0.45435136612383664,0.11177787894273943,0.0,0.11177787894273943,-14.932476625414717,-17.799322102511994,3.9105663224279086,2.3555183582921853,-10.287913595199658
hvb7rxnxozp5gkprp63h6jf9,F. Castelli,Mushuc Runa SC,1,0.3648103992915377,0.0,-0.3648103992915377,0.06731684365317553,0.0,0.06731684365317553,-15.577689130377989,-18.21604046849573,5.4100956764534995,-3.4997294967329786,-14.210897713623496
1tppjbelv789od9d2jtqf4duc,M. Klimowicz,CD Cuenca,1,0.28200703292229773,0.0,-0.28200703292229773,0.12739785376710372,0.0,0.12739785376710372,-17.913393913991634,-18.822496436708057,-6.702932654038729,-10.89758724930529,4.804123223124172
1vlnmxw8piqcocrw4sw32zy8k,F. Posse,CSD Macará,5,0.508730505374881,0.2,-0.30873050537488095,0.11829445479623049,0.6,-0.4817055452037695,-8.708283098306458,-19.021171330111812,9.402060378454623,2.230153847299863,-1.161266995625557
4ydtdso4mk8xutnqzqh4pz0gk,V. Olaya,SD Aucas,1,0.3444159684749771,0.0,-0.3444159684749771,0.03312541943077563,0.0,0.03312541943077563,-16.632198705965134,-19.57947709925327,-1.2626309969770553,-3.0733175069730123,-10.340665244002626
8vo3z87j229cnka6ioiswsx04,S. Arrieta,Leones FC,1,0.35936998394696557,0.0,-0.35936998394696557,0.05823156116108599,0.0,0.05823156116108599,-17.564121029804145,-20.28434745185751,4.3103024822878435,3.4491649799556683,-15.407536611338244
1k67oaz0zol06690e5qlec0rt,M. Mejía,Barcelona SC,2,0.4420295762951253,0.0,-0.4420295762951253,0.15945969295557433,0.5,-0.34054030704442567,-11.68140637323813,-21.20980674185577,10.771751512554335,5.789925007082555,9.159849967869917
8myuopii2kh2ty1dbdx4s66z9,J. Sornoza,CSD Independiente del Valle,3,0.47839827019950815,0.0,-0.47839827019950815,0.09622691445160192,0.3333333333333333,-0.23710641888173142,-14.754468096933172,-23.095047082154224,6.923560679965919,-2.1665413207678674,5.052204405645286
6sfs4ijoys5bs2owxc2knrbo,F. Vargas,Leones FC,2,0.25480014701500736,0.0,-0.25480014701500736,0.1330166751669469,0.5,-0.3669833248330531,-15.49049003474109,-23.543241377386963,8.14091271218478,-3.474039670156988,9.918297264730501
3ml13mxqdskkiurzvombq8ff8,E. Ladines,Guayaquil City FC,4,0.44167412073086465,0.0,-0.44167412073086465,0.14001788909450347,0.5,-0.35998211090549653,-13.757961154375428,-23.574434025266523,14.69888477245689,-1.6398075480605803,15.760419119429605
d2sxsffyb9kpo9iqrmdllayhg,J. Herrera,CS Emelec,1,0.5827931204193388,0.0,-0.5827931204193388,0.08543913668897206,0.0,0.08543913668897206,-19.57438040309315,-24.120724556951963,-9.176152134005497,-12.048770448742678,-0.5272726044319924
a47kaayqc4ogw1aiqz4w8z696,L. Arroyo,SD Aucas,2,0.5267939277293238,0.5,-0.026793927729323735,0.11201068492574763,0.5,-0.3879893150742524,-19.703525875791513,-25.791304879198538,3.0711552952729733,1.1324877967588893,-7.230711903961385
7vnlwk0swph8rkqeej6anf504,L. Klimowicz,CS Emelec,1,0.34715881531055687,0.0,-0.34715881531055687,0.1986997682654798,1.0,-0.8013002317345201,-11.469024746039755,-26.960116375163125,17.474669539970307,13.747932451867182,11.254429256784626
89c8as1cpdwgacpalxt81t5ka,M. Castaño,CD Técnico Universitario,2,0.34040399687126555,0.0,-0.34040399687126555,0.12778329868019217,1.0,-0.8722167013198079,-24.456579313373545,-40.943869801883324,4.090648237352923,3.8762149522703897,1.3673616166132305
cuuv2aodsmm9chk100fe0ffmd,E. Caicedo,Orense SC,1,0.3874120353518929,0.0,-0.3874120353518929,0.26107520853832794,1.0,-0.7389247914616721,-29.546075792647148,-44.50406801809116,2.4549639008347786,-5.124074194000823,-11.38658999962962
2ptwpyaaof24rvayrl3tdc82d,M. Parrales,Barcelona SC,1,0.24732058020836695,0.0,-0.24732058020836695,0.21705361933148432,1.0,-0.7829463806685157,-33.888428874227735,-48.105830386339136,-8.267747044987763,-11.016360050576502,-8.048050793991813
