player_id,player_name,team,headed_clearances,mean_landing_error,median_landing_error,actual_length,expected_length,length_oe,territory_oe,wide_oe,danger_zone_rate,expected_danger_zone_rate,danger_zone_avoidance,safe_wide_rate,expected_safe_wide_rate,same_team_first_touch_rate,opponent_first_touch_rate,opponent_shot_10s_rate,opponent_final_third_touch_10s_rate,relief_success_rate,clearance_value_oe
bokhlnbj9lmpi4cbvghmczdud,R. Burbano,Manta FC,1,31.469929771449664,31.469929771449664,43.18726664191657,12.793332718869832,30.39393392304674,16.472437321513016,26.81446043665244,0.0,0.0,0.0,1.0,0.0,1.0,0.0,0.0,0.0,1.0,27.58157179568953
3abzbyff47i16s33ozmo4rmy1,K. Mina,Leones FC,1,26.746448035191595,26.746448035191595,33.065087327875,12.929513603267766,20.135573724607234,17.115781505272253,20.55291964570933,0.0,1.0,1.0,0.0,0.0,1.0,0.0,0.0,0.0,1.0,25.990767315482216
76p1xfg3sztqk60s7ic2fzywa,J. Angulo,Leones FC,1,19.561071382853957,19.561071382853957,31.45059617876901,13.998517955288287,17.452078223480726,14.50255424566447,13.126744988635508,0.0,1.0,1.0,0.0,0.0,1.0,0.0,0.0,0.0,1.0,23.514122940489006
8vnajjn470acmoyohlg0f5qtw,M. Díaz,CD Cuenca,1,22.614552270663257,22.614552270663257,30.98983704377937,8.486089997122106,22.503747046657267,10.58550494836257,19.984120180552164,0.0,0.0,0.0,1.0,1.0,1.0,0.0,0.0,0.0,1.0,19.228957915257475
cw90fq4nmpw96rvgxpic80ydw,M. Luque,Leones FC,1,15.769086228746374,15.769086228746374,23.910248848558645,11.814961715103276,12.095287133455368,3.5668474434753747,15.360393217773161,0.0,1.0,1.0,0.0,0.0,1.0,0.0,0.0,0.0,1.0,18.615465574713003
du7mx437vixeevfitwcgz6ot0,M. Perelló,CSD Independiente del Valle,1,26.895685548716607,26.895685548716607,25.9,9.757210212156512,16.142789787843487,-1.0638389271492876,20.125362367605305,0.0,1.0,1.0,0.0,0.0,1.0,0.0,0.0,0.0,1.0,18.578397306571258
a81x39bmz8ydh7hmb7k1wyuei,P. Charpentier,Orense SC,1,18.67591017730375,18.67591017730375,30.103986446980738,12.915882472763077,17.18810397421766,18.648840729715563,-1.0051668460607388,1.0,1.0,0.0,0.0,0.0,1.0,0.0,0.0,0.0,1.0,18.203500227427575
bvmyhkf0dfwkx5esf2khr07pw,L. Fernández,CD Técnico Universitario,2,34.97578254422298,34.97578254422298,40.23922865691537,13.262458217197771,26.976770439717598,3.7842424659489,33.84091310025832,0.0,1.0,1.0,0.5,0.0,0.5,0.5,0.0,0.0,1.0,18.129587045042513
dkv8jz5ikwaljwlqjewx7f2ms,J. Ordóñez,Guayaquil City FC,1,12.226781139504563,12.226781139504563,21.64740169165805,9.432858079062376,12.214543612595675,10.852359020942203,5.6320938125992654,0.0,0.0,0.0,1.0,0.0,1.0,0.0,0.0,1.0,1.0,14.5278128179906
1ey2z21drmkif486uuu6ytqms,S. Razzeto,CD Técnico Universitario,2,22.130487563482887,22.130487563482887,28.074301674184287,8.804054344984767,19.27024732919952,4.429965258772693,21.676734886414494,0.0,0.5,0.5,1.0,0.0,0.5,0.5,0.0,0.0,1.0,14.21925785924006
aieya8gew1dpm12yte9t5z3mc,P. Mercado,CSD Independiente del Valle,1,12.611604841050966,12.611604841050966,24.2991769407937,13.352465149803411,10.946711790990289,10.59040513945396,-0.04805780123439973,1.0,1.0,0.0,0.0,0.0,1.0,0.0,0.0,0.0,1.0,13.93755281040833
dbzannb5pw72n5t4sbotswhuy,E. Clavijo,CD Universidad Católica del Ecuador,1,10.251356124099512,10.251356124099512,23.394443784796422,13.14363263480002,10.250811149996402,10.202554245664473,0.9990942134685881,1.0,1.0,0.0,0.0,0.0,1.0,0.0,0.0,0.0,1.0,13.753488079097895
6nnixuo7p0alak7c7qbzy6tw,E. Mendoza,Delfín SC,7,29.538840385287095,27.59902582182359,35.7880605907603,13.16170248325187,22.626358107508434,2.972189284180267,23.97754917966626,0.14285714285714285,0.8571428571428571,0.7142857142857143,0.14285714285714285,0.0,0.7142857142857143,0.2857142857142857,0.0,0.7142857142857143,0.7142857142857143,13.574161677900154
ciaqe12s383jursixiioxmo5x,H. Villalba,Barcelona SC,2,29.522682166268428,29.522682166268428,34.47590928720471,9.568719315786867,24.907189971417843,4.014650978136533,29.1358467367065,0.0,0.5,0.5,1.0,0.0,0.5,0.5,0.0,1.0,1.0,12.378226943607027
4mzyoimsuzfdc7n2m2i8criz9,M. Estrada,Liga Deportiva Universitaria de Quito,3,20.91881857829006,15.412416035188103,26.090651993913628,12.008865057342524,14.081786936571106,4.896533301035685,8.857850408106408,0.6666666666666666,1.0,0.3333333333333333,0.3333333333333333,0.0,0.6666666666666666,0.3333333333333333,0.0,0.0,0.6666666666666666,11.130508771811366
5i3xo6a0hqf41kyiyhe3lpwbt,G. Nápoli,CS Emelec,1,15.041021568993878,15.041021568993878,18.462123388169633,11.902181502191286,6.559941885978347,1.71114987655843,9.456630368658715,1.0,1.0,0.0,0.0,0.0,1.0,0.0,0.0,0.0,1.0,10.873683572529083
50308hvw3isnfjyjf58y2ryeh,J. Neris,CS Emelec,3,25.53756616418421,21.55638861581151,39.81390993540551,21.28897663268305,18.524933302722463,6.182201423762687,10.92649230194919,0.3333333333333333,0.6666666666666666,0.3333333333333333,0.3333333333333333,0.0,0.6666666666666666,0.3333333333333333,0.0,0.6666666666666666,1.0,10.272849566898126
ep2xvoam5xr2o4g6tiepv6v4k,M. Viera,CSD Macará,1,11.635458699626351,11.635458699626351,14.34224529144583,6.87999343663315,7.4622518548126795,5.67413192434622,-10.158155642429662,0.0,0.0,0.0,0.0,0.0,1.0,0.0,0.0,0.0,1.0,10.132530460132788
90tango4n7lgwmqyht8v43pxw,L. Espinoza,CSD Macará,2,16.88060764903111,16.88060764903111,20.871648453557395,11.579385861077471,9.292262592479924,7.812513064374336,-5.163246844478806,0.5,0.0,-0.5,0.5,0.5,1.0,0.0,0.0,0.0,1.0,9.437855599313542
cf36yl6dep780v76ygc5kqqui,J. Estacio,CSD Macará,5,27.420493185578408,26.52106373097807,29.457729166493742,12.330786638347377,17.12694252814637,-0.08556091749162142,18.065709560622846,0.4,0.8,0.4,0.2,0.0,0.6,0.4,0.0,0.2,0.8,9.219674458189266
4t4oc5mv6gujh932jz6scuulm,N. Molina,Orense SC,3,18.34126060215458,20.845329555134782,18.648050221250543,12.136051263032234,6.5119989582183075,-6.626951315170576,7.264843518833826,0.3333333333333333,1.0,0.6666666666666666,0.0,0.0,1.0,0.0,0.0,0.6666666666666666,1.0,8.347014668171601
8ldwcpxmf5js8lnejmtwji9zo,E. Gómez,CSD Independiente del Valle,1,10.250958548795452,10.250958548795452,19.043371550227132,13.31292683093651,5.730444719290622,6.195027009765948,8.167238916389856,1.0,1.0,0.0,0.0,0.0,1.0,0.0,0.0,1.0,1.0,8.08093930320752
5hir8m9yqqcbp0oks1vswmxd6,L. Lemos,Mushuc Runa SC,10,13.856224238694036,14.856491600715701,18.621381413342334,10.034360958534757,8.587020454807577,2.1131245764861175,5.479303545016308,0.3,0.7,0.4,0.1,0.1,0.7,0.2,0.0,0.3,0.7,7.793865140873993
8ot6xvpxww2vk01cuh3j6eh9l,A. Quintana,CSD Independiente del Valle,2,23.95161276166178,23.95161276166178,29.58853078174651,10.805367015324329,18.78316376642218,-3.5937962125649126,23.554054049109094,0.0,0.5,0.5,0.5,0.0,0.5,0.5,0.0,0.5,0.5,7.764448753100917
5pxbdolaky90924vazle1pm1h,F. Ferrero,CD Cuenca,1,13.751661089565017,13.751661089565017,19.55760721560794,9.088512343762618,10.469094871845323,-0.949463263089779,13.718844784977321,0.0,0.0,0.0,0.0,0.0,1.0,0.0,0.0,1.0,1.0,7.431222950077187
adptmldi4sep53hjp5ncj6904,J. Guisamano,Libertad Fútbol Club,2,25.689822422192147,25.689822422192147,25.145368676763415,8.935549103504599,16.209819573258816,2.8036764339222504,3.351295053852997,0.0,0.5,0.5,0.0,0.0,0.5,0.5,0.0,0.0,0.5,7.185897051649852
cblpavncq3hn84r38hbr0vnro,B. Quiñonez,Orense SC,2,18.821196862414144,18.821196862414144,19.17876805431064,9.501434851131684,9.677333203178957,-9.856171454098874,5.409387376577378,0.0,0.0,0.0,0.5,0.5,1.0,0.0,0.0,0.0,1.0,7.11879977704942
9ggta4hzy0w4xkukczrti5y7e,J. Fajardo,CD Universidad Católica del Ecuador,5,19.063483103674116,12.97861687306668,26.305293964900045,11.973948419112283,14.331345545787764,4.121330564069129,10.618267573492862,0.2,0.4,0.2,0.2,0.0,0.8,0.2,0.2,0.6,0.6,6.999494192690278
f3lhirj8x9hkhm1ddoc8bwa38,E. Pata,CSD Independiente del Valle,8,22.320493283961888,20.95861531359219,31.046388793167722,12.253961355989977,18.792427437177746,10.425425792844287,11.657299638345744,0.125,0.625,0.5,0.25,0.0,0.375,0.625,0.0,0.875,0.5,6.808381843391427
dqdqwcw5qs09vuvelf39bp7qi,A. Herrera,Orense SC,14,20.989512599422458,17.84595802957249,27.180566286335623,13.262652993687817,13.917913292647805,2.576846029824965,14.687961170757676,0.35714285714285715,0.9285714285714286,0.5714285714285714,0.0,0.0,0.6428571428571429,0.35714285714285715,0.14285714285714285,0.5,0.5714285714285714,6.608215488377324
17s6wzelixuy7ricexnqzft,I. Molinas,Delfín SC,2,6.764858680074068,6.764858680074068,10.760418505957315,12.283351574556514,-1.5229330685991984,-3.334907187279459,0.7923910099128886,0.5,0.5,0.0,0.0,0.0,1.0,0.0,0.0,0.0,1.0,6.047136138491936
6d0dk5nx0iuvmbs160qp9d0tm,J. Mohor,CSD Macará,2,25.667319151044875,25.667319151044875,31.450201571953958,10.693064645085599,20.757136926868355,0.31171946584685095,24.421306406466474,0.0,0.5,0.5,0.0,0.0,0.5,0.5,0.0,1.0,0.5,5.978942813539463
bfi2ctruf32ezbxf3xokls3kk,P. Guzmán,SD Aucas,2,16.912558429941402,16.912558429941402,23.613493811699456,11.158551847672417,12.454941964027041,7.16624174396566,-7.750343871409822,0.5,0.0,-0.5,0.0,0.0,0.5,0.0,0.0,0.0,0.5,5.941878836825563
6oirlvnvronyi13qcu5bx46i,E. Cabezas,Guayaquil City FC,3,22.25231281386141,16.787649927953577,25.824782070231837,12.990557089388695,12.834224980843146,-1.4380395207036596,14.080353587330919,0.3333333333333333,1.0,0.6666666666666666,0.0,0.0,0.3333333333333333,0.3333333333333333,0.0,0.3333333333333333,0.3333333333333333,5.894884843444216
7vbo1i1v70sbo3d8twscdk251,S. Mena,CD Técnico Universitario,7,15.38389668279018,17.278090620967582,19.91758063988599,10.15034603111603,9.767234608769963,-0.9333265211430124,8.073518542746948,0.14285714285714285,0.7142857142857143,0.5714285714285714,0.14285714285714285,0.0,0.7142857142857143,0.2857142857142857,0.0,0.8571428571428571,0.7142857142857143,5.7982523092077844
2h53oe0l0skqnd8644zegq8d1,R. Carrillo,Mushuc Runa SC,6,27.196886892890877,26.6161700340082,31.01295892850187,11.476609392093488,19.53634953640838,1.0400740733478997,13.573079002791149,0.5,0.8333333333333334,0.3333333333333333,0.0,0.0,0.6666666666666666,0.3333333333333333,0.16666666666666666,0.6666666666666666,0.6666666666666666,5.543549456775465
b9laanbzul8a7h5jo1z5vetpl,Juan Nazareno,Manta FC,2,28.368573849585086,28.368573849585086,29.154643782588728,7.67519233848432,21.479451444104406,-4.227089974476527,14.991424927962713,0.0,0.5,0.5,0.0,0.0,0.5,0.5,0.0,0.5,0.5,5.4393523613148425
3ri89ytafhurmpjxkebk7bxed,B. Heras,Delfín SC,1,13.873866336080209,13.873866336080209,10.77032961426901,12.515197438811775,-1.7448678245427658,-6.541665667085315,4.165181758134011,1.0,1.0,0.0,0.0,0.0,1.0,0.0,0.0,0.0,1.0,5.27402187136053
2f0sxlzvrg4z9uipi4wvr44d0,M. de la Cruz,Leones FC,6,22.432937715430835,18.54835876256086,24.08966061178637,8.680102984573143,15.409557627213225,-7.011477612313704,18.36304086239777,0.0,0.16666666666666666,0.16666666666666666,0.16666666666666666,0.3333333333333333,0.8333333333333334,0.16666666666666666,0.0,0.8333333333333334,1.0,5.26860381264791
e8p8nt1enxhxdt62t2111i6fo,L. Ferro,CSD Macará,8,23.649518890540914,21.35881791556215,25.713222903208663,10.879356333524301,14.833866569684362,1.134565681665203,7.006473392002219,0.25,0.875,0.625,0.0,0.0,0.625,0.375,0.125,0.625,0.5,5.133841438044177
bnf622gpidct33o8rriwug2y1,N. Monserrat,Leones FC,64,17.203506520404634,14.960787805707945,21.330462866764663,11.75379636254168,9.576666504222985,0.3735741623598058,7.947038431156968,0.421875,0.796875,0.375,0.0625,0.015625,0.625,0.328125,0.03125,0.46875,0.640625,4.939499694620514
dp79admqqqmme9e6l9bhu41gq,R. Redes,Liga Deportiva Universitaria de Quito,1,4.150561890487165,4.150561890487165,7.227724399837058,11.374123080023304,-4.1463986801862465,-3.9553831644408675,-1.257818758495091,1.0,1.0,0.0,0.0,0.0,1.0,0.0,0.0,0.0,1.0,4.928077971379723
4xhrvnq03r13f2bwt0vxm46ol,M. Alonso,CD Universidad Católica del Ecuador,3,13.61901990916361,1.4780996749130362,20.21606201286234,10.220407167387084,9.995654845475258,-3.697037974991119,9.913215255874482,0.6666666666666666,1.0,0.3333333333333333,0.0,0.0,0.6666666666666666,0.3333333333333333,0.0,0.3333333333333333,0.6666666666666666,4.727869584160193
2rzcz652z4hcbrjyi7du35rmc,E. Cabeza,Delfín SC,20,19.00374450934536,18.94685746479554,22.275307804454695,10.789713230156535,11.485594574298162,-2.1937662989632107,10.778849399701233,0.4,0.75,0.35,0.15,0.0,0.75,0.25,0.1,0.75,0.75,4.647042366901564
2lqwu9wsnguofkipcgca0btka,J. Ontaneda,SD Aucas,58,20.473883626292846,16.64811229966001,26.444847278691327,13.507695160341855,12.93715211834947,-0.3807530413435147,11.316754203403454,0.1896551724137931,0.46551724137931033,0.27586206896551724,0.27586206896551724,0.10344827586206896,0.5344827586206896,0.39655172413793105,0.034482758620689655,0.4482758620689655,0.5862068965517241,4.605586693663484
7b46q7wczdj7wku3dljr05uc5,J. Cazares,CSD Macará,14,22.761661546543053,20.950705180101956,24.284762138441266,12.0375982957348,12.247163842706465,-4.983526602511337,14.988055921266808,0.14285714285714285,0.42857142857142855,0.2857142857142857,0.14285714285714285,0.14285714285714285,0.6428571428571429,0.2857142857142857,0.0,0.5714285714285714,0.7142857142857143,4.508980503206808
e04pfp4mcoahykrbzzmm2wq38,S. Yánez,CD Universidad Católica del Ecuador,1,19.147635568910047,19.147635568910047,25.1745903640953,10.582727679199508,14.591862684895794,7.417403013111741,17.652594155558837,0.0,1.0,1.0,0.0,0.0,0.0,1.0,0.0,0.0,0.0,4.362368024480119
6gjeumy3aki5bavrhqs87jdka,J. Jiménez,CSD Macará,23,19.012552112123974,17.268345689733433,23.40303599623086,10.761472199439522,12.641563796791337,-0.6122348609767431,9.245574915526104,0.2608695652173913,0.5652173913043478,0.30434782608695654,0.2608695652173913,0.21739130434782608,0.6521739130434783,0.34782608695652173,0.043478260869565216,0.6521739130434783,0.7391304347826086,4.272969042066932
7xkf0ivgpbpeox35j4voo37jd,G. Vallecilla,Barcelona SC,6,20.23923041915346,20.579492495337615,26.25977858397495,12.530460055416514,13.729318528558432,3.2597674187388193,14.623457176756345,0.16666666666666666,0.6666666666666666,0.5,0.3333333333333333,0.0,0.5,0.5,0.16666666666666666,0.6666666666666666,0.8333333333333334,4.244729756575622
et0dl6nl59rbtiaekgg5yscus,R. Perlaza,Barcelona SC,2,14.459307372997209,14.459307372997209,16.17568747408279,9.385000294145101,6.790687179937688,-7.439883617021989,11.461838370943916,0.0,0.0,0.0,0.0,0.0,1.0,0.0,0.0,1.0,1.0,3.969133133539996
dsgnyitua0qo8dvu0c7pnax2h,S. Portocarrero,Leones FC,12,15.425623293276452,12.733038152923573,19.254774686913894,10.852112074588723,8.402662612325175,1.573481304505793,4.123172994464013,0.5,0.6666666666666666,0.16666666666666666,0.25,0.08333333333333333,0.5833333333333334,0.4166666666666667,0.0,0.3333333333333333,0.75,3.854498202327336
f02v3aekjuxmkyri5mp9x7aj8,E. Griffa,Leones FC,8,15.760105748929307,9.325573856419943,20.92363388679281,10.909850878572957,10.013783008219852,2.8925587334923057,9.500954625454375,0.25,0.5,0.25,0.25,0.0,0.625,0.375,0.125,0.625,0.625,3.8434558638317946
6habcmdfjyvoh833ox9ayxo4q,L. Estupiñán,CD Técnico Universitario,4,14.497270562929394,14.169606869605678,23.504711696428817,17.09023632893996,6.41447536748886,-0.9062814494231755,1.4003215952109285,0.5,0.5,0.0,0.0,0.0,0.75,0.25,0.0,0.25,0.75,3.8294589259994147
ac3o771m1yp8wr74c1n1sz1zp,J. Ruíz,CS Emelec,3,16.356277856225503,17.72757946623264,26.474415817559855,10.558313438470476,15.916102379089375,12.748843558890611,9.864409902679595,0.0,0.6666666666666666,0.6666666666666666,0.3333333333333333,0.0,0.0,1.0,0.0,0.3333333333333333,0.3333333333333333,3.7915166953722763
2irmtezvvd4kor9lb2i1ozv85,L. Cangá,CD Universidad Católica del Ecuador,30,16.86533323873044,15.837127184715069,21.11493666001677,12.720828218261655,8.394108441755117,1.0199784870503001,7.428479884597784,0.43333333333333335,0.7,0.26666666666666666,0.2,0.1,0.5666666666666667,0.43333333333333335,0.03333333333333333,0.3,0.6666666666666666,3.7136038337247848
5qih0mpbm50gx2fu5kum3nxlh,J. Intriago,Barcelona SC,2,20.976849049555405,20.976849049555405,29.818286829802304,12.167067892313847,17.651218937488455,5.174191364922162,16.358651876120042,0.5,0.5,0.0,0.0,0.0,0.5,0.5,0.0,1.0,0.5,3.436809937229274
nfz7qm3fwt6lmvjkn4hbys8a,Richard Mina,Liga Deportiva Universitaria de Quito,15,13.400135370126105,10.308272655127869,20.223377389745767,12.99488162604074,7.228495763705027,0.370798367513166,3.2023758760706653,0.4666666666666667,0.6,0.13333333333333333,0.26666666666666666,0.13333333333333333,0.6666666666666666,0.3333333333333333,0.06666666666666667,0.3333333333333333,0.6666666666666666,3.187855141351011
bfsjxpmiflhdz2162ulqlo0lw,J. Valverde,Delfín SC,12,12.997842982930608,9.80610782573082,18.411690334987423,12.493315979826477,5.918374355160945,-3.689451292152633,6.431991739081401,0.4166666666666667,0.5,0.08333333333333333,0.3333333333333333,0.3333333333333333,0.6666666666666666,0.25,0.0,0.25,0.6666666666666666,3.1267913118932498
2d1wqm8aq0hhigxbs2998qga1,G. Cortéz,CSD Independiente del Valle,5,24.410243044362147,21.629096468165862,29.68787945364651,12.658002927288207,17.0298765263583,-4.349620660469457,15.739954688123794,0.2,0.2,0.0,0.0,0.0,0.6,0.4,0.0,0.6,0.6,3.1238964630001207
68l7uci169oihnccci3sd75jp,L. Sosa,Barcelona SC,13,15.478893023451176,14.162029430324536,22.744172417169548,10.867488487306908,11.876683929862644,2.406550523372967,10.733892082784774,0.3076923076923077,0.46153846153846156,0.15384615384615385,0.3076923076923077,0.3076923076923077,0.6153846153846154,0.38461538461538464,0.15384615384615385,0.46153846153846156,0.7692307692307693,3.0226076386572958
4hhc0pv8kgmzvk5ntn8tldogk,A. Sosa,SD Aucas,1,18.88098178936649,18.88098178936649,27.83522947633088,13.322889836600313,14.512339639730568,4.855853664773786,18.245880590333044,0.0,1.0,1.0,1.0,0.0,0.0,1.0,0.0,1.0,1.0,3.017139363443434
1z4mucvfsiiisidx5y2nhhm2,G. Mina,Manta FC,13,16.996228351537546,16.29670970730475,22.812311634651078,12.345748438662016,10.466563195989064,2.7909734922254463,2.856136053011902,0.23076923076923078,0.23076923076923078,0.0,0.38461538461538464,0.23076923076923078,0.6923076923076923,0.23076923076923078,0.15384615384615385,0.6153846153846154,0.7692307692307693,2.9746793860991385
4jwqjzunbzt8oyqsgo55ixca2,M. Perea,CD Técnico Universitario,7,18.191388529952167,18.440383783699783,24.637771162499575,12.026287945899467,12.611483216600108,5.618919998502128,8.130466672852995,0.42857142857142855,0.5714285714285714,0.14285714285714285,0.14285714285714285,0.0,0.5714285714285714,0.42857142857142855,0.14285714285714285,0.7142857142857143,0.5714285714285714,2.8808630900824164
aegu1dn87t0l2klztm5g2euol,J. Alman,Manta FC,11,15.997874263317778,12.586591483991354,22.456144567546225,11.917653738331467,10.53849082921476,3.5922177546228187,10.563288771235017,0.45454545454545453,1.0,0.5454545454545454,0.0,0.0,0.5454545454545454,0.45454545454545453,0.18181818181818182,0.6363636363636364,0.5454545454545454,2.7958572103335153
5t3dkx91d8wy50bc2cnepszys,I. Cuero,Manta FC,7,13.169430524662681,12.47490069733982,19.943870903355208,12.303575141908661,7.640295761446547,3.332574261701126,1.1126656785640507,0.42857142857142855,0.42857142857142855,0.0,0.14285714285714285,0.0,0.7142857142857143,0.2857142857142857,0.14285714285714285,0.42857142857142855,0.7142857142857143,2.7814233848132885
6sn6a1xpp6tyqac8a21ka1fxl,V. Griffith,CS Emelec,5,14.328661398746808,9.304915003137344,21.17041863080146,15.148544811002981,6.021873819798481,-2.405499827327579,12.661482602105844,0.2,0.6,0.4,0.2,0.0,0.4,0.4,0.0,0.4,0.4,2.6829214276376687
d6gphu89283pngbaenacu1cr9,R. Jaramillo,Orense SC,15,15.393103284647385,10.016647945001573,17.527171238109172,9.49132834112833,8.035842896980842,-2.5353157258760586,9.175623725587384,0.3333333333333333,0.6666666666666666,0.3333333333333333,0.0,0.0,0.6666666666666666,0.3333333333333333,0.06666666666666667,0.6,0.6666666666666666,2.5560084005924097
5zax12h4cjntd3d70u3ymd0mi,B. Caicedo,Libertad Fútbol Club,27,17.08745666287056,15.417494989422554,20.40901866122209,10.701525720429006,9.707492940793081,1.00507365037038,2.578650939316183,0.37037037037037035,0.6666666666666666,0.2962962962962963,0.07407407407407407,0.07407407407407407,0.5925925925925926,0.4074074074074074,0.037037037037037035,0.5925925925925926,0.6296296296296297,2.458457495916216
1xt3xc4xom9p69t49m8kffwq2,T. Minda,Mushuc Runa SC,1,3.7450351668099344,3.7450351668099344,9.126883367283709,10.89053180337346,-1.7636484360897509,-2.8941915902965576,2.376750605196051,1.0,1.0,0.0,0.0,0.0,1.0,0.0,0.0,1.0,1.0,2.3313309069972927
gn5jbp8pgfhr12jxfiaftkwk,L. Castro,Delfín SC,15,19.77013319265011,14.483161399253637,21.036211928440842,11.67199904310481,9.364212885336036,-3.7444770504038076,8.91288028112478,0.2,0.5333333333333333,0.3333333333333333,0.13333333333333333,0.13333333333333333,0.6666666666666666,0.3333333333333333,0.0,0.8666666666666667,0.7333333333333333,2.30003188742765
1al0d9v3ldh6hbs73td99fuok,J. Bravo,Libertad Fútbol Club,2,24.759447714698457,24.759447714698457,22.676494018972946,12.080672320635351,10.595821698337595,-6.534585859429466,17.631427538395506,0.5,1.0,0.5,0.0,0.0,0.5,0.5,0.0,0.5,0.5,2.2276216783915466
c1s8fieakkfnw5qjahgrp38fe,J. Mina,Barcelona SC,6,24.114988688840302,21.273590882330332,25.03932305923067,10.884081355104966,14.155241704125705,-5.944703807793587,9.809615621716208,0.6666666666666666,0.5,-0.16666666666666666,0.0,0.0,0.8333333333333334,0.16666666666666666,0.16666666666666666,0.5,0.6666666666666666,2.2186513012429496
2mdwtann516klfiehi3udc3c9,K. Sambonino,Guayaquil City FC,3,12.182936520107154,12.39808926394104,22.252188431355833,12.721151733825145,9.531036697530688,7.305721326812177,3.6635302765032782,0.6666666666666666,1.0,0.3333333333333333,0.0,0.0,0.3333333333333333,0.6666666666666666,0.0,0.3333333333333333,0.3333333333333333,2.2127186052806604
7gvks90vqzf6v9jukefv592ad,C. Orejuela,Mushuc Runa SC,2,11.352661295534073,11.352661295534073,12.883777256870118,10.669787123340866,2.2139901335292516,-0.10146416547926229,-11.311481357222801,1.0,0.5,-0.5,0.0,0.0,1.0,0.0,0.0,0.5,1.0,2.1606073125978353
1xaef0hnod3jkhr74gz67lpsl,J. Angulo,Manta FC,7,18.851451679273218,20.970463664070923,26.06995159549114,11.848159018248433,14.22179257724271,4.596002542223171,9.432505506170271,0.5714285714285714,1.0,0.42857142857142855,0.14285714285714285,0.0,0.42857142857142855,0.5714285714285714,0.14285714285714285,0.7142857142857143,0.42857142857142855,2.1530925519720765
1m4twts8nb8bdac6ce051wxec,J. Cusme,Mushuc Runa SC,4,16.13280979765872,14.494094500308814,16.691947586290528,8.517579758682462,8.174367827608066,-10.209679591663878,11.719447509777407,0.5,0.75,0.25,0.0,0.0,1.0,0.0,0.25,0.75,0.75,2.1265378009929483
2b1y6ptiizszbjzop7kf8tega,G. Blanc,CSD Macará,10,24.751300043769305,24.82280783425442,28.714830789072334,12.93993912033919,15.774891668733147,1.6798109656418092,14.741266560379321,0.4,0.7,0.3,0.2,0.0,0.3,0.7,0.0,0.6,0.4,2.0506087424034387
2vrotxtikefj3m9jaw69fcx78,E. Rubio,Delfín SC,30,14.048548906773624,13.03607962249902,20.695473949521475,12.365340981079548,8.330132968441925,1.939846146251252,5.5078071462252804,0.3,0.5666666666666667,0.26666666666666666,0.13333333333333333,0.13333333333333333,0.7,0.3,0.16666666666666666,0.7333333333333333,0.6333333333333333,2.03908291751212
cjxju5ivkc1vg8ty5s0wa1dsk,M. Caramuto,Leones FC,4,21.5229077032564,20.606363690232353,21.65630997511569,13.038331167479628,8.617978807636062,-2.3575648896089714,5.876223067708528,0.25,1.0,0.75,0.0,0.0,0.5,0.5,0.0,0.75,0.5,2.0344937586708984
9mfxl4whn94z2fxcsjsrcy162,Y. Rodríguez,Guayaquil City FC,44,19.670290189817123,18.452759073586584,24.279761182463844,12.354577335371971,11.92518384709187,-1.1140380641773697,12.6232325583003,0.36363636363636365,0.8181818181818182,0.45454545454545453,0.06818181818181818,0.0,0.45454545454545453,0.5454545454545454,0.09090909090909091,0.5,0.4090909090909091,1.8448069099432873
7py0p0nixs4vkf6kehq0thi0a,Angelo Mina,CS Emelec,6,18.308751065999243,19.161526910107042,24.20035651390496,12.392650361324073,11.807706152580884,1.7550743083481992,5.055289245624732,0.5,0.6666666666666666,0.16666666666666666,0.0,0.0,0.6666666666666666,0.16666666666666666,0.3333333333333333,0.5,0.5,1.8395039222087253
efvo5gihldvwdz93j4943f47o,Y. Arce,CD Técnico Universitario,58,18.54945494028897,13.514258029063708,24.841027104782256,12.958012329425886,11.88301477535637,0.9259025288108912,8.562326689538516,0.41379310344827586,0.6206896551724138,0.20689655172413793,0.1206896551724138,0.06896551724137931,0.5,0.5,0.05172413793103448,0.5689655172413793,0.5517241379310345,1.7878160230468367
4vgrs0md7is0ix07my83dlwix,P. Ortíz,CS Emelec,2,21.10780051280871,21.10780051280871,26.088691344549904,10.93008664306591,15.158604701483997,5.536175038824291,6.722900560752194,0.0,1.0,1.0,0.0,0.0,0.5,0.5,0.5,0.5,0.5,1.7840605062497659
cgpsvf5qqebt927ffksbr6wh5,J. Flor,Mushuc Runa SC,28,15.651080723765975,11.938222464216578,18.66771587737373,9.773040223544813,8.894675653828918,-2.4889151078712204,7.940120054797175,0.39285714285714285,0.6071428571428571,0.21428571428571427,0.10714285714285714,0.0,0.5714285714285714,0.39285714285714285,0.03571428571428571,0.5714285714285714,0.6071428571428571,1.7160773179922493
c0wyvmrq61yzugvdt2qnneoes,A. Mosquera,CD Cuenca,7,12.39167160207617,12.284080965785071,14.736628264379723,11.559623280899421,3.1770049834803027,2.5197619823302384,-4.909103660246758,0.5714285714285714,0.14285714285714285,-0.42857142857142855,0.14285714285714285,0.2857142857142857,1.0,0.0,0.14285714285714285,0.5714285714285714,0.8571428571428571,1.65850407188462
1e9ai9xhspeodbzym623qm6ll,G. Allala,Liga Deportiva Universitaria de Quito,30,20.118145426229663,19.198018217420827,22.10461382277838,10.614368370486345,11.490245452292031,-3.285255127298005,10.63883744661535,0.3,0.6,0.3,0.23333333333333334,0.1,0.5666666666666667,0.43333333333333335,0.1,0.5666666666666667,0.7,1.6493825621125482
3cv6v6qr1gjuj04hc6jaevuju,M. Piedra,CD Cuenca,10,19.89318654208264,16.51411709525123,20.287310415038153,10.821306149347114,9.466004265691037,-3.436072090718464,3.0721448238918905,0.4,0.5,0.1,0.1,0.1,0.8,0.2,0.1,0.8,0.9,1.6325332135383235
3jxh6wv6q29ps0ubz0nz9wdpm,L. Castillo,Delfín SC,20,14.416810205345564,12.853704169145615,18.339086354988133,12.160566757444398,6.178519597543733,-1.56271853283971,5.49945098792741,0.5,0.45,-0.05,0.2,0.15,0.7,0.3,0.0,0.65,0.75,1.5326125314433239
dp2tnjilpke1ph1fdjgno9zop,E. Mejía,CD Universidad Católica del Ecuador,3,13.41850516805362,9.455678595845809,13.35791242913911,7.97353148725712,5.384380941881989,-2.936548480834204,10.639685807767881,0.3333333333333333,0.6666666666666666,0.3333333333333333,0.0,0.0,0.3333333333333333,0.3333333333333333,0.0,0.3333333333333333,0.3333333333333333,1.428398897444005
552yy0gwhzxwlbd2pjcrdtdxx,E. Patta,Libertad Fútbol Club,29,18.179220924357054,14.957354105567092,21.244369119086663,11.659145785358119,9.585223333728546,-1.598596778379489,7.103137620043986,0.27586206896551724,0.5517241379310345,0.27586206896551724,0.0,0.034482758620689655,0.5172413793103449,0.4827586206896552,0.0,0.5172413793103449,0.5172413793103449,1.4133114064390764
4huwe4wnwwj948keblao2scmh,J. Espinoza,CSD Independiente del Valle,9,13.99937003118786,11.883145558216462,19.30512592616427,13.215303815447108,6.089822110717162,-1.7840072656247727,7.596039007671546,0.2222222222222222,0.4444444444444444,0.2222222222222222,0.0,0.0,0.4444444444444444,0.4444444444444444,0.0,0.2222222222222222,0.4444444444444444,1.365133221186762
aalxmqa07ynjng2kyj841juju,E. Mero,Guayaquil City FC,10,17.265764700666438,13.337671814670118,26.611873712620103,16.018434852486045,10.593438860134059,2.8416433246989334,11.44716870404468,0.3,0.7,0.4,0.2,0.0,0.2,0.7,0.0,0.4,0.3,1.3165951231635031
ecaofku4htx8if4kk2teq1rrp,R. Adé,Liga Deportiva Universitaria de Quito,28,14.341161705909768,10.878629115701504,19.885113358906068,11.471092086037633,8.414021272868434,0.10241851214642723,5.781398203894454,0.42857142857142855,0.6071428571428571,0.17857142857142858,0.14285714285714285,0.10714285714285714,0.5357142857142857,0.4642857142857143,0.03571428571428571,0.5,0.6428571428571429,1.1902624390785495
65attw5qx5xj8ekiu5iqtj4yd,J. Cevallos,CS Emelec,2,18.152447763238943,18.152447763238943,23.844453902697452,12.817421659752801,11.02703224294465,5.588953227716784,-0.27803743957746363,1.0,1.0,0.0,0.0,0.0,1.0,0.0,0.5,1.0,0.5,1.179527197687741
6q4xdm58fr3y1nrhds76lxzvt,W. Vargas,Barcelona SC,9,12.937516300379626,11.428746175538102,18.488386572470386,11.731927304120829,6.7564592683495555,1.7632687910750815,3.1959418459807916,0.4444444444444444,0.6666666666666666,0.2222222222222222,0.1111111111111111,0.1111111111111111,0.5555555555555556,0.4444444444444444,0.1111111111111111,0.3333333333333333,0.5555555555555556,1.078660804370251
6qdkaa9ae67qy7ipa11a8z17t,B. Palacios,CD Universidad Católica del Ecuador,5,13.075442574113598,10.287402847151982,20.299162231109193,12.504709939579826,7.794452291529366,1.4884349610594447,6.687107960781485,0.8,1.0,0.2,0.0,0.0,0.4,0.2,0.2,0.4,0.4,1.0720182645469247
9k61c9b8xjgh6jy6tziw11905,P. Velasco,Orense SC,25,18.536087869770146,20.28436651056585,21.152377045952445,10.56709823343511,10.585278812517338,0.2070157914592069,3.1633379971580946,0.44,0.64,0.2,0.04,0.04,0.56,0.4,0.08,0.64,0.64,1.0183757897990278
6qqb977m72rznsks1d90ivyz9,R. Schunke,CSD Independiente del Valle,3,13.034884358211196,10.10779332287697,19.22684551755484,9.906943998441326,9.319901519113513,2.024523227138348,9.365599564869044,0.3333333333333333,0.6666666666666666,0.3333333333333333,0.3333333333333333,0.3333333333333333,0.3333333333333333,0.6666666666666666,0.0,0.3333333333333333,0.6666666666666666,0.995763790394418
6llzouvdgu8fzk40lpidjbeok,C. Gruezo,Libertad Fútbol Club,20,14.374895319589488,12.983210494212393,18.42093946473235,11.883499902576474,6.5374395621558765,0.4933908703665858,4.122888376218386,0.65,0.75,0.1,0.05,0.0,0.6,0.4,0.05,0.55,0.6,0.9767933003134806
59gm0x3ujnsq2gypigw0q7bze,J. Alcívar,CSD Independiente del Valle,1,22.452179183022803,22.452179183022803,26.63268668384772,4.201750866279177,22.430935817568542,4.847083646274008,21.922730901796555,0.0,0.0,0.0,1.0,1.0,0.0,1.0,0.0,0.0,1.0,0.9349409388036243
5n49s6mef8ao5nos3yamv4gr9,A. Bedoya,Delfín SC,55,18.01854828590313,15.353086423828,21.55607664583236,10.812972775913194,10.743103869919162,-1.119183181411322,6.480872806889618,0.4909090909090909,0.7272727272727273,0.23636363636363636,0.03636363636363636,0.03636363636363636,0.5454545454545454,0.43636363636363634,0.07272727272727272,0.6181818181818182,0.6181818181818182,0.9263120453580369
1k0un5v0yoe000dhbiqtrv74l,E. Guevara,CD Cuenca,20,17.836824285252497,16.064541637956996,24.289146247086364,12.447591762638599,11.841554484447764,2.9864992979475735,9.080090435867152,0.35,0.75,0.4,0.25,0.1,0.3,0.65,0.05,0.6,0.55,0.9202742276976498
agwvnsm8mdhwf8qwh22khameh,B. Carabalí,Barcelona SC,12,13.40213436324141,11.989267837253676,17.794072694543633,11.093405606345284,6.700667088198347,1.1073602804187883,3.2891100416756025,0.5,0.5833333333333334,0.08333333333333333,0.08333333333333333,0.08333333333333333,0.75,0.25,0.16666666666666666,0.75,0.6666666666666666,0.9157694085305685
6lzyl958evlu3uxhxl1trro8a,D. Quintero,Manta FC,36,13.807821154667117,12.48293633319308,21.012330688963047,12.224638943608321,8.787691745354728,-1.6391506912421399,8.854055586671173,0.3055555555555556,0.5,0.19444444444444445,0.2777777777777778,0.25,0.6388888888888888,0.3611111111111111,0.19444444444444445,0.4166666666666667,0.6944444444444444,0.9079290870266955
7dr2jx3u755avbchwnycsq0h5,K. Minda,Liga Deportiva Universitaria de Quito,13,17.08632845068616,13.580775907848903,23.062868921467594,14.330944474355393,8.731924447112203,0.8863642801455179,5.6418995261587295,0.46153846153846156,0.5384615384615384,0.07692307692307693,0.07692307692307693,0.07692307692307693,0.6153846153846154,0.38461538461538464,0.07692307692307693,0.6923076923076923,0.6153846153846154,0.8625442452757215
61abb2agjc40e0bou68rln0t1,S. Tapiero,SD Aucas,8,23.22833303451722,26.642960428481707,26.316598177812534,12.263655192888402,14.05294298492413,-1.0835010066663087,5.300722302945623,0.375,0.625,0.25,0.0,0.0,0.625,0.375,0.25,0.5,0.5,0.8325970702512986
bnin5etuqjgoawag24g7x2bpx,P. Mancilla,Guayaquil City FC,8,17.345618235018687,15.987565556549253,21.719465204686973,12.557582515080238,9.161882689606735,2.4246937340908628,0.3087906753238694,0.5,0.375,-0.125,0.0,0.0,0.5,0.5,0.0,0.25,0.5,0.80116836037235
e8p9cqr7avuvp52dzrgfuproq,A. Copete,CD Técnico Universitario,13,15.10533785423999,12.843887045855594,18.425673652947687,12.321992270593714,6.10368138235397,-1.1936970262502176,5.751820111529641,0.38461538461538464,0.6153846153846154,0.23076923076923078,0.0,0.07692307692307693,0.6923076923076923,0.3076923076923077,0.15384615384615385,0.5384615384615384,0.5384615384615384,0.7983447997844735
bjs24phzpc5d39sisj8ixirit,M. Céliz,Barcelona SC,12,19.200418181494026,17.487954447871104,24.011687123489253,11.425565744661531,12.586121378827722,0.13869357996340556,9.176673081485161,0.3333333333333333,0.8333333333333334,0.5,0.08333333333333333,0.0,0.4166666666666667,0.5833333333333334,0.08333333333333333,0.75,0.4166666666666667,0.7962738674723417
1mjeueswchle030491akyxams,E. Mesa,CD Técnico Universitario,37,16.759749467160773,12.56669255209402,21.133956765277514,11.350853740161561,9.783103025115949,-1.5252090344133107,7.751292475319021,0.1891891891891892,0.4594594594594595,0.2702702702702703,0.21621621621621623,0.1891891891891892,0.5945945945945946,0.40540540540540543,0.08108108108108109,0.8108108108108109,0.5945945945945946,0.7204860696509896
9t27uoh6kpd8g2x1phirhsu6t,J. Blanco,Manta FC,8,16.804970133520907,14.338321860921997,22.574741160668612,12.416451046282477,10.158290114386135,3.508689440181701,9.436649001512396,0.25,0.75,0.5,0.25,0.0,0.375,0.625,0.125,0.75,0.5,0.7125117128416163
50bycn35z1ts5hb156k146u50,J. Chalá,Manta FC,7,7.997687614067152,7.113578658547296,10.53614714471934,10.23869625018556,0.29745089453377915,-1.921083526073088,-0.05402812053578897,0.14285714285714285,0.14285714285714285,0.0,0.14285714285714285,0.42857142857142855,0.8571428571428571,0.14285714285714285,0.0,0.7142857142857143,1.0,0.6812144007578554
d8wkxiszuftcz96cshk3plu5l,J. Chalá,CSD Macará,3,13.591317419675311,12.70641686742332,13.027950950857635,9.834753435768418,3.193197515089217,-3.950183473511307,2.1226107068532016,0.3333333333333333,0.6666666666666666,0.3333333333333333,0.0,0.0,0.6666666666666666,0.3333333333333333,0.0,0.6666666666666666,0.6666666666666666,0.6704484478657312
9g0ayzj8zkxakzvk0w6hor9qs,B. Kreiman,Leones FC,23,17.888831981717644,14.463790323374983,21.230633420193023,11.031504254793186,10.19912916539984,-2.155988779303746,8.685625066936524,0.21739130434782608,0.4782608695652174,0.2608695652173913,0.13043478260869565,0.17391304347826086,0.6086956521739131,0.391304347826087,0.13043478260869565,0.6521739130434783,0.6521739130434783,0.5983307918434232
nei4yix6hulp0gwvq96c7h1w,J. Quiñones,Mushuc Runa SC,4,15.844266042264678,16.888506048529887,24.81223857398856,16.223947365230472,8.588291208758088,5.571322478997239,-3.1146713934037518,0.5,0.25,-0.25,0.25,0.0,0.5,0.5,0.0,0.5,0.75,0.5982751026301054
6ert2g23gsp8d1gmhiiqurkes,Y. Erique,CD Cuenca,15,15.358328729773785,15.217207498079405,18.985814044846595,10.955827963899326,8.02998608094727,1.1330855707921912,1.6547285049646543,0.4666666666666667,0.4666666666666667,0.0,0.2,0.26666666666666666,0.5333333333333333,0.3333333333333333,0.06666666666666667,0.4666666666666667,0.6,0.5693105572765096
b3nvyzpnm06shk2sx1nmh5xbd,F. Paz,CSD Macará,6,13.313430291891649,8.885547893671081,19.53387841545634,11.809477284512951,7.724401130943391,2.7239246641166517,5.531812130615499,0.3333333333333333,0.6666666666666666,0.3333333333333333,0.0,0.0,0.3333333333333333,0.5,0.0,0.6666666666666666,0.3333333333333333,0.5482913708505355
bpnrmy8dg45mbjpo4gksvp4kq,J. Anaya,CD Técnico Universitario,55,19.13871312933725,17.344066547592394,23.54256172080677,12.05359223249618,11.488969488310593,-1.8608764371291038,10.576256014088486,0.36363636363636365,0.6727272727272727,0.3090909090909091,0.10909090909090909,0.07272727272727272,0.4909090909090909,0.509090909090909,0.07272727272727272,0.7090909090909091,0.4909090909090909,0.40826815895489815
d8bv8ybko191mx5jxczay3n8q,M. Medranda,CSD Macará,10,18.2763162409406,14.158138236320742,17.6928134363324,10.192215519546199,7.500597916786203,-3.481756278414146,2.0803918029082333,0.5,0.5,0.0,0.2,0.1,0.7,0.3,0.1,0.5,0.6,0.4061817981005881
eu1htvf3chz0kcrl5paflxzv9,Deyverson,Liga Deportiva Universitaria de Quito,14,19.63903952515947,19.5223306399744,24.016324772462195,12.111013404002739,11.905311368459454,3.103403166226486,8.80228015075271,0.35714285714285715,0.5714285714285714,0.21428571428571427,0.35714285714285715,0.0,0.42857142857142855,0.5714285714285714,0.14285714285714285,0.7857142857142857,0.5714285714285714,0.3687925683844591
5fsqlh1yxgjnjj5u0po1sb36d,J. Corozo,Liga Deportiva Universitaria de Quito,1,16.896782498150795,16.896782498150795,26.783950418114205,10.27092996879178,16.513020449322426,12.280388732544814,11.605744757119268,0.0,0.0,0.0,1.0,0.0,0.0,1.0,0.0,1.0,1.0,0.31908053957560334
6u5110uirl21q32w45o5ieqz8,A. Zova,SD Aucas,25,13.593236367125707,11.305667858898993,18.40621356484601,10.456556416250372,7.949657148595638,-0.45991376118990906,2.9256781492881747,0.2,0.2,0.0,0.32,0.28,0.48,0.48,0.0,0.32,0.6,0.31752584864702227
1uw5jfjqm4ik0es2qidy8rca,J. Montes,CD Técnico Universitario,3,11.044145353736786,10.234480633948316,15.68357205344938,11.024642982045814,4.6589290714035645,0.3172590521176974,-2.437067633787789,1.0,1.0,0.0,0.0,0.0,0.6666666666666666,0.3333333333333333,0.0,0.6666666666666666,0.6666666666666666,0.3166581533708837
1fab10afkxbr61lgr3okne3xm,B. Viñán,Orense SC,3,20.2550013343547,15.251583008655297,22.170345974054573,9.664423879877631,12.505922094176945,-0.2513508117153158,7.4420989897456336,0.3333333333333333,0.6666666666666666,0.3333333333333333,0.0,0.0,0.6666666666666666,0.3333333333333333,0.3333333333333333,0.6666666666666666,0.6666666666666666,0.26489295154668646
ecb54se2u1pvo0rmt3iru3uac,L. Gustavino,SD Aucas,25,18.603204072680022,13.08897591575157,24.10300840310525,11.203295839177004,12.899712563928244,1.2955538588570494,9.473586366008904,0.16,0.56,0.4,0.24,0.2,0.24,0.72,0.04,0.4,0.44,0.11520235550309693
6w4sdzr4l7g9efzx6paxvadat,J. Quintero,Liga Deportiva Universitaria de Quito,8,13.077262137624475,11.207625135383616,16.021851708025693,10.254979167160139,5.766872540865553,-3.4065104537463613,0.17237084382023315,0.375,0.25,-0.125,0.375,0.375,0.625,0.25,0.0,0.5,0.75,0.08262397766358953
842mpcgpo275pp4mwmrqtaiqy,J. Pretell,Liga Deportiva Universitaria de Quito,7,6.393672733123909,5.065060081938526,11.788458316472745,9.758257581945006,2.030200734527739,2.1046760600236163,0.7335959453235904,0.42857142857142855,0.42857142857142855,0.0,0.14285714285714285,0.14285714285714285,0.5714285714285714,0.42857142857142855,0.0,0.42857142857142855,0.5714285714285714,0.04650403236474533
c91iy2qzw88dpgh7lv6coupsk,R. Arias,Guayaquil City FC,21,16.80860094110172,15.582240162165837,21.094826680463523,12.34303284484229,8.751793835621234,-0.34565902730885056,3.272466446469539,0.38095238095238093,0.5714285714285714,0.19047619047619047,0.09523809523809523,0.09523809523809523,0.38095238095238093,0.5714285714285714,0.0,0.2857142857142857,0.5238095238095238,-0.01652670326692113
f3exestd6ob5mzbusl5omjjs9,B. Miranda,SD Aucas,1,6.685674635739249,6.685674635739249,6.621178142898739,12.55076970686171,-5.929591563962971,-6.492744163959209,1.5945276906785821,1.0,1.0,0.0,0.0,0.0,1.0,0.0,0.0,1.0,1.0,-0.06351502549503563
8yoyibzmbvn07jwa0zli2gwyd,C. Vélez,Leones FC,7,19.817476311024908,15.024845933831326,26.027233576001812,12.011133398261043,14.016100177740771,-1.4429538485335267,16.01886569196974,0.2857142857142857,0.7142857142857143,0.42857142857142855,0.0,0.0,0.2857142857142857,0.7142857142857143,0.0,0.7142857142857143,0.2857142857142857,-0.07874491951517294
95xp8s56u991fp6p8lyt23llg,S. Laurino,Guayaquil City FC,9,16.93646055244553,15.135232992584498,22.382557222377304,11.782991448146795,10.599565774230513,3.7191416957312007,2.360515643485417,0.5555555555555556,0.6666666666666666,0.1111111111111111,0.1111111111111111,0.0,0.3333333333333333,0.6666666666666666,0.0,0.4444444444444444,0.4444444444444444,-0.09848041905153535
5lyowegje78n936ei057it0k4,M. Quiñonez,Orense SC,6,21.599341453041603,22.171297488779228,24.774934175041363,11.369067707745726,13.405866467295636,-1.9221411459574693,12.57960196315693,0.16666666666666666,0.6666666666666666,0.5,0.0,0.0,0.3333333333333333,0.6666666666666666,0.0,0.8333333333333334,0.5,-0.14506388201570708
331356b5m6szohsfmdj4t96hg,D. Nazareno,CD Universidad Católica del Ecuador,2,14.423312797461271,14.423312797461271,19.892034939427916,9.465116118746066,10.426918820681852,-4.421338018544523,12.642336631498267,0.0,0.0,0.0,0.5,0.5,0.5,0.5,0.0,0.5,0.5,-0.1736582055403284
2y5okv7vh86anayummkc6asid,F. León,CS Emelec,25,19.83110161339271,13.920964696857208,24.146500159601356,12.060900993277802,12.085599166323554,1.481706422451877,10.39657163066215,0.52,0.76,0.24,0.24,0.12,0.4,0.6,0.16,0.52,0.56,-0.31241436488149676
8ddcymvxmnr15a8k99g56c07o,A. Velasco,CSD Independiente del Valle,22,13.218122624190181,11.780876985645794,16.0218713169345,10.407283580705009,5.614587736229492,-1.1989462962337765,4.882562083439208,0.5,0.6363636363636364,0.13636363636363635,0.22727272727272727,0.13636363636363635,0.45454545454545453,0.5454545454545454,0.0,0.36363636363636365,0.5909090909090909,-0.38462227415719885
5kzsanq7c0qu60ytzru9mhca2,M. Gamboa,Mushuc Runa SC,11,12.688990719869976,13.772937566877188,17.959180348015746,11.75715738081499,6.202022967200755,-1.8343309216402337,4.753540751746365,0.45454545454545453,0.7272727272727273,0.2727272727272727,0.0,0.0,0.45454545454545453,0.5454545454545454,0.0,0.45454545454545453,0.5454545454545454,-0.47563064510978365
77t9kl34rhnesp7qz8uqdcga2,S. Callegari,Orense SC,20,18.302801738573024,18.082192380192247,21.255178650504273,10.940801432884715,10.31437721761956,-1.2463695368815018,8.564904700865391,0.5,0.6,0.1,0.05,0.05,0.4,0.55,0.0,0.55,0.45,-0.47984646939978903
9t0l2rbmlc2aaas1dkbq5d1jo,O. Moscarelli,Manta FC,48,15.181750310628265,14.33202867253716,20.75528053581556,13.27385304849045,7.481427487325114,0.5566497417010089,3.9184098748522165,0.4583333333333333,0.6041666666666666,0.14583333333333334,0.10416666666666667,0.020833333333333332,0.5833333333333334,0.4166666666666667,0.14583333333333334,0.6666666666666666,0.625,-0.5271065335911023
ao6u7dooupvji47nep1bk45hx,L. Quiñónez,Liga Deportiva Universitaria de Quito,16,16.006602865691814,15.138000888467968,18.92369167844318,12.105318037426409,6.8183736410167715,-3.0230389656751564,5.4697988333818,0.3125,0.4375,0.125,0.125,0.125,0.5625,0.4375,0.0,0.6875,0.625,-0.5408443677262957
87y2pbc5qjlw6l77sqoxd21p0,R. Arroyo,Leones FC,14,19.344028032410314,17.29479067863292,19.871040992369842,11.106615499816096,8.764425492553746,-3.930660051988081,11.883979408869534,0.21428571428571427,0.6428571428571429,0.42857142857142855,0.14285714285714285,0.0,0.42857142857142855,0.5,0.07142857142857142,0.7857142857142857,0.5714285714285714,-0.5442614017073336
8gy8s9ea67vkmgdce51oif089,A. Naula,Guayaquil City FC,9,18.02058866143738,16.62991246583487,24.412684365704308,12.534438888627339,11.87824547707697,0.9465774258341414,7.301973716836591,0.6666666666666666,0.7777777777777778,0.1111111111111111,0.0,0.0,0.5555555555555556,0.3333333333333333,0.3333333333333333,0.4444444444444444,0.3333333333333333,-0.5451219078906391
eekdiyrxu0wkcbos9je47qnvu,J. Quiñónez,Guayaquil City FC,54,17.18172274431811,15.210102140365091,21.352417614218393,12.329021651667041,9.023395962551351,0.09294326398249085,8.433112137212898,0.5370370370370371,0.8518518518518519,0.3148148148148148,0.05555555555555555,0.018518518518518517,0.42592592592592593,0.5555555555555556,0.12962962962962962,0.5,0.42592592592592593,-0.6163140771694094
evpjbmwhghy2x57ie5sgqk2qd,L. Ayala,CSD Macará,11,15.319610068755201,15.224763046542092,21.734238369688782,11.736508961367337,9.997729408321447,2.961539388927761,5.776663404791995,0.36363636363636365,0.09090909090909091,-0.2727272727272727,0.6363636363636364,0.36363636363636365,0.45454545454545453,0.45454545454545453,0.09090909090909091,0.6363636363636364,0.7272727272727273,-0.679920162310792
crw7ur9nurwp306ustco2qlpm,J. Perlaza,Barcelona SC,14,12.467621464573783,12.826264872624355,15.404849057182716,10.75188032472561,4.652968732457106,-0.3947783461415006,0.08364730543977039,0.35714285714285715,0.2857142857142857,-0.07142857142857142,0.14285714285714285,0.14285714285714285,0.6428571428571429,0.35714285714285715,0.07142857142857142,0.5,0.6428571428571429,-0.7148925613824763
952ueunzfp95nu3z3ii4qbg89,M. Lucas,Libertad Fútbol Club,14,15.415261657265228,13.609417490688717,16.779429963668793,11.730504508780879,5.048925454887914,-3.307474794266262,2.2260419375063005,0.35714285714285715,0.7857142857142857,0.42857142857142855,0.0,0.07142857142857142,0.5714285714285714,0.42857142857142855,0.14285714285714285,0.35714285714285715,0.5,-0.7354026389133145
309b0xjqe390a9zrq4884ybfu,R. Briones,CSD Independiente del Valle,6,11.542391683272294,12.334818851476552,22.550809029059906,15.229191638154774,7.321617390905135,5.245905619250618,0.6742642670346773,0.3333333333333333,0.6666666666666666,0.3333333333333333,0.0,0.0,0.3333333333333333,0.6666666666666666,0.0,0.6666666666666666,0.5,-0.7526169734918392
1wtlo6tcn3ujlqsvihq9zillh,J. Báez,Barcelona SC,34,16.919002922562093,15.093696143306278,21.730346592272788,12.968523436719794,8.76182315555299,0.48233569730933595,6.035736234557019,0.35294117647058826,0.6470588235294118,0.29411764705882354,0.23529411764705882,0.029411764705882353,0.47058823529411764,0.5294117647058824,0.11764705882352941,0.8235294117647058,0.5588235294117647,-0.9017324865537011
7f1eclcdjezvwn0vg4bm4muzu,J. Cacciabue,CD Universidad Católica del Ecuador,3,24.597231908746718,25.966552566617153,24.898113541451195,10.250938920982101,14.647174620469096,-0.2523967833427297,2.9172797766448704,0.6666666666666666,0.6666666666666666,0.0,0.0,0.0,0.3333333333333333,0.6666666666666666,0.0,0.3333333333333333,0.3333333333333333,-0.90980497918863
cljjb4yaxbdx38l3r3lmohb3e,M. Miranda,CSD Macará,4,19.535852805305304,16.596819595146584,21.850961048390587,12.66682126475779,9.184139783632801,-4.414010424521461,15.207974995093943,0.0,0.75,0.75,0.0,0.0,0.5,0.5,0.25,0.75,0.25,-0.9239117032630371
2idyzhv28zjuu6gdgi0h2776c,S. Morales,SD Aucas,33,15.083788994209387,12.511146965579677,18.894931711306,10.990280506974988,7.90465120433101,0.14327410394390927,5.552058118705331,0.30303030303030304,0.3333333333333333,0.030303030303030304,0.3333333333333333,0.24242424242424243,0.48484848484848486,0.5151515151515151,0.09090909090909091,0.45454545454545453,0.5151515151515151,-0.9286564095043609
7vcshpkn1otfqsjf4o1eva295,A. Leguizamón,CS Emelec,39,15.857589840156793,13.297414187162737,18.531058585157826,11.8966078242633,6.634450760894526,-1.8561927169897383,5.6603671830259845,0.358974358974359,0.5384615384615384,0.1794871794871795,0.23076923076923078,0.1794871794871795,0.5641025641025641,0.4358974358974359,0.07692307692307693,0.7435897435897436,0.6666666666666666,-0.9784773654263256
6rkmmvmaiihg4un5jzq5caqs4,Á. Rangel,Barcelona SC,32,16.459894132363782,14.452194631316864,21.48105884927561,11.343145555967148,10.137913293308461,-0.13891344435676767,8.487827881425467,0.34375,0.65625,0.3125,0.125,0.0625,0.375,0.5625,0.09375,0.6875,0.4375,-1.0268520364266975
38q8apztbt3nuku8x15mc4wdl,J. Hernández,Mushuc Runa SC,22,16.067793203287653,11.849755275833456,19.43633479788986,10.101321597219645,9.335013200670213,-1.2255319166016934,4.8646831906378685,0.36363636363636365,0.36363636363636365,0.0,0.13636363636363635,0.09090909090909091,0.5,0.45454545454545453,0.045454545454545456,0.6818181818181818,0.5909090909090909,-1.0568754332210408
37g2yad9dclsawgbaun51wb9w,M. Burdisso,Delfín SC,65,16.718240187939685,14.698969353610254,22.231172619178583,12.540817741227661,9.69035487795092,1.574537868181523,7.627436201999233,0.4153846153846154,0.6615384615384615,0.24615384615384617,0.09230769230769231,0.046153846153846156,0.47692307692307695,0.5230769230769231,0.15384615384615385,0.7692307692307693,0.49230769230769234,-1.0802614516395983
6qq3wxpm6g6mrv38bnfoi6c45,F. Pizzini,CS Emelec,2,31.633381879645484,31.633381879645484,34.549190130270034,12.298401007023195,22.25078912324684,0.9212171816135442,1.841995509370534,1.0,0.5,-0.5,0.0,0.0,0.5,0.5,0.0,1.0,0.5,-1.1438372444990854
dvwgv7hgrv6dptexq1b5led0q,J. Morán,Leones FC,25,18.026270465601993,15.532947862589195,22.253667765249073,11.3539751561042,10.899692609144871,-0.4326609374221137,6.8166967046185185,0.4,0.52,0.12,0.0,0.08,0.56,0.44,0.16,0.72,0.48,-1.1685045712572992
f2u5upcopb9zg84ajapcecy6s,M. Lugo,Barcelona SC,11,16.20097115502738,18.629833769357408,22.498848253232737,12.819996129562343,9.678852123670394,2.786485115361872,4.930426074704898,0.45454545454545453,0.6363636363636364,0.18181818181818182,0.2727272727272727,0.09090909090909091,0.5454545454545454,0.45454545454545453,0.2727272727272727,0.7272727272727273,0.45454545454545453,-1.1951842315593404
d05jqknpj4nbxaw1ehvnxh5ud,D. Benedetto,Barcelona SC,1,40.79289151571532,40.79289151571532,42.41344126571198,12.873584026868473,29.53985723884351,10.56952697142664,4.800189114499489,0.0,0.0,0.0,0.0,0.0,0.0,1.0,0.0,1.0,0.0,-1.3396785565498597
3eydszdgiwc4nlfnlmt5avzai,A. Lorenzo,Orense SC,28,15.81037796143851,14.88021238227012,18.984940888647298,10.684927952158631,8.300012936488672,-1.1639745402382349,6.932532749195703,0.5,0.8214285714285714,0.32142857142857145,0.10714285714285714,0.07142857142857142,0.42857142857142855,0.5714285714285714,0.10714285714285714,0.5357142857142857,0.5357142857142857,-1.3397696393434446
5w31tnx3x1093n9mojsbjo9p0,Y. Quiñónez,Liga Deportiva Universitaria de Quito,7,12.441804397831643,10.28129762224502,14.706148225158193,10.597867354988953,4.10828087016924,0.6540404808224175,-2.8054544668718244,0.42857142857142855,0.2857142857142857,-0.14285714285714285,0.2857142857142857,0.14285714285714285,0.7142857142857143,0.2857142857142857,0.14285714285714285,0.7142857142857143,0.7142857142857143,-1.366384435908748
agtfd2fbpgajpgqhj8mfwdkpg,M. Vera,SD Aucas,1,25.3131031400962,25.3131031400962,31.16424232995245,8.040607292164642,23.123635037787807,-3.343020194105259,25.09138112107328,0.0,0.0,0.0,0.0,0.0,0.0,1.0,0.0,0.0,0.0,-1.3781825739610944
yjhnelunsv9ulnll2vd930iy,M. Carabajal,CSD Independiente del Valle,37,14.989024272397003,14.56998529346529,20.324441675693997,11.959974009784624,8.364467665909372,0.5659517333056393,2.3216714959650706,0.4594594594594595,0.5675675675675675,0.10810810810810811,0.10810810810810811,0.08108108108108109,0.4594594594594595,0.5135135135135135,0.10810810810810811,0.4864864864864865,0.5945945945945946,-1.4321993973498748
26qj2mmro3u4k3l2oj4k4u0a1,K. Peralta,Mushuc Runa SC,17,14.721395081858844,9.70616908979218,17.53515653749118,10.400164994618029,7.13499154287315,-0.5111789517468828,0.3510418109595046,0.6470588235294118,0.5882352941176471,-0.058823529411764705,0.17647058823529413,0.17647058823529413,0.6470588235294118,0.35294117647058826,0.11764705882352941,0.7058823529411765,0.6470588235294118,-1.4412750241956278
828hvoj3o5eg35zddusyzkep6,P. Boolsen,CD Cuenca,40,13.261176633012358,11.370127381496022,17.795311382031443,11.998021577480266,5.797289804551177,-1.7817507082792308,5.379447036409839,0.4,0.525,0.125,0.1,0.125,0.5,0.475,0.025,0.65,0.6,-1.4662566523907559
6ofi3ekwysuhjtw82h8ydjrbo,S. Postel,CD Cuenca,41,13.462530761191429,12.898727529292836,17.044177490639512,11.213228497936282,5.830948992703232,-2.9505984153001297,4.362404604262598,0.3170731707317073,0.4634146341463415,0.14634146341463414,0.2682926829268293,0.1951219512195122,0.5121951219512195,0.4878048780487805,0.04878048780487805,0.5609756097560976,0.6097560975609756,-1.5392885227165063
2d32ts9coz4u96nvkg9jufoyc,C. Arteaga,CD Técnico Universitario,1,15.235715282543168,15.235715282543168,23.33452377915607,11.596385130963284,11.738138648192784,5.103631926116744,14.355485409189107,0.0,1.0,1.0,0.0,0.0,0.0,1.0,0.0,1.0,0.0,-1.5565359147082507
2uwx5yky9qc644tztx2zti28l,F. Martínez,CD Universidad Católica del Ecuador,2,36.4713727616895,36.4713727616895,38.10369815905979,12.524890539394505,25.578807619665284,-7.197826705026354,25.13045663463611,0.5,1.0,0.5,0.0,0.0,0.0,1.0,0.0,0.5,0.0,-1.6088826456865704
eydla4uzkgvznobv6qm4njnit,J. Chancellor,CD Universidad Católica del Ecuador,39,16.560610526473567,11.888886407479056,18.528721092508743,10.278542547276224,8.250178545232517,-1.0382387840716554,3.8082185198440994,0.5128205128205128,0.6153846153846154,0.10256410256410256,0.05128205128205128,0.02564102564102564,0.38461538461538464,0.5384615384615384,0.07692307692307693,0.3333333333333333,0.41025641025641024,-1.6130834849664275
6jhr91d1ygvu4qmk4195lyhhw,J. González,Mushuc Runa SC,13,13.405841256097034,8.846389035772429,18.677358677865996,10.740454525991794,7.936904151874202,-0.41931507603098395,6.816571350380894,0.7692307692307693,0.6923076923076923,-0.07692307692307693,0.07692307692307693,0.0,0.46153846153846156,0.5384615384615384,0.0,0.6923076923076923,0.46153846153846156,-1.6137764458273554
5ec3r0iojjvs4edr1t5wrb105,J. Marrufo,CSD Macará,36,15.63285580589206,12.626274254753326,21.939704460573186,13.445228975870199,8.494475484702988,0.33353419061696504,7.889022477859273,0.3611111111111111,0.6111111111111112,0.25,0.25,0.08333333333333333,0.3611111111111111,0.6388888888888888,0.05555555555555555,0.7222222222222222,0.5277777777777778,-1.6879614647652024
cchjht9k105ahfv8fs5h5rac4,B. Ramírez,Manta FC,8,17.362789678317434,14.46176055304971,21.65301330796038,12.58151733282107,9.07149597513931,2.4796986542918433,5.391700599519461,0.625,0.625,0.0,0.0,0.0,0.5,0.5,0.125,0.75,0.5,-1.717227405270692
cebzrizhi195acmaw8c4cku09,A. Tobar,Liga Deportiva Universitaria de Quito,3,8.259878179214605,5.82683829535403,17.197334534401566,12.0316076365608,5.165726897840767,0.008223900515324326,5.413727558992374,0.0,0.0,0.0,0.3333333333333333,0.0,0.3333333333333333,0.6666666666666666,0.0,0.3333333333333333,0.6666666666666666,-1.7227092699470266
91ljjxzlo05v5p0wi2u4q66ll,K. Ushiña,Delfín SC,2,8.524386868115196,8.524386868115196,15.806544610842948,13.115307542599535,2.6912370682434137,-0.6893498807897611,4.7189782410958685,0.0,0.0,0.0,0.0,0.0,0.5,0.5,0.0,0.5,0.5,-1.7521858022840586
b5b0gp63p5mdpusl6lc56q4bu,G. Anangonó,CD Universidad Católica del Ecuador,10,12.623571176366392,10.27706703819214,15.327576996082012,9.589032496579566,5.738544499502447,-0.7743423356808792,4.3628422523325,0.3,0.2,-0.1,0.4,0.2,0.5,0.5,0.1,0.4,0.6,-1.8628426223327956
300xxqq3notomlt4s4g03cd7t,J. Ordóñez,CD Cuenca,4,12.682634986214035,13.376095956507175,15.715688428970836,11.926732308522915,3.78895612044792,2.4023945039618635,-6.0617611886273055,1.0,0.75,-0.25,0.0,0.0,0.5,0.5,0.0,0.25,0.5,-1.9393342361366441
3lz2li4ohdy8qok9i8xexuvx0,B. Corozo,Libertad Fútbol Club,3,24.198972415169038,23.41100911636215,24.436308539876958,10.891754054687183,13.544554485189778,2.1408990595245876,-3.9428391513065626,0.6666666666666666,1.0,0.3333333333333333,0.0,0.0,0.0,0.6666666666666666,0.0,0.3333333333333333,0.0,-2.004354072692405
ebhp98vhq24z7qe8ftj7zuk89,D. Reasco,CSD Independiente del Valle,5,22.5536517079298,23.98449071525958,23.79229671463565,12.725880221057034,11.066416493578618,-6.741924811382981,11.392273963546037,0.2,0.6,0.4,0.0,0.0,0.4,0.4,0.2,0.6,0.4,-2.025996684963864
9xie4t8janfxnzhqis2yb17u1,S. Etchebarne,CSD Macará,27,19.680221922333832,19.020231134800333,22.018581038527888,10.696993775937134,11.321587262590752,-2.0762785037268725,5.460573709493571,0.3333333333333333,0.4444444444444444,0.1111111111111111,0.18518518518518517,0.14814814814814814,0.4074074074074074,0.5925925925925926,0.07407407407407407,0.5555555555555556,0.5925925925925926,-2.0928836673693407
dll3x4ua7q15dcb7gbm61jso9,L. Segovia,Liga Deportiva Universitaria de Quito,30,14.502110099492354,12.064755885815693,19.887303816572274,11.370266149202807,8.517037667369468,-0.5582773196027423,6.490302313685716,0.36666666666666664,0.5333333333333333,0.16666666666666666,0.13333333333333333,0.1,0.3333333333333333,0.6333333333333333,0.03333333333333333,0.5333333333333333,0.4,-2.1373013673763066
82tv12725p2ksqd4ycerj7nmy,M. Ortíz,Manta FC,42,14.929714095039603,11.901849078235646,20.182413730614094,13.658235700686603,6.524178029927491,-1.9962522703798373,6.691816168536669,0.4523809523809524,0.5952380952380952,0.14285714285714285,0.16666666666666666,0.09523809523809523,0.5238095238095238,0.4523809523809524,0.11904761904761904,0.7619047619047619,0.5714285714285714,-2.1574829897838126
4vnrab0z6uml0wnimjmfi16fp,A. López,CD Cuenca,8,16.917411820187873,16.894039621973608,22.2959682625413,10.778056858016951,11.517911404524348,2.4389898768130305,6.29110853994095,0.125,0.125,0.0,0.125,0.125,0.5,0.5,0.25,0.625,0.5,-2.2619426671914384
9cjt8bpelefv3ht1kgcw0hlas,J. Caicedo,Liga Deportiva Universitaria de Quito,6,12.647051658916084,8.834271285031207,11.112849475781031,8.3751894691853,2.737660006595732,-3.8875958009689064,6.130823478090257,0.0,0.16666666666666666,0.16666666666666666,0.3333333333333333,0.5,0.5,0.5,0.0,0.5,0.6666666666666666,-2.4405447113193532
ep0zxr95nch7d9gqbb47afg9g,D. Romero,CSD Independiente del Valle,3,13.296298472882276,12.317781607203349,12.53837783867918,8.197522341136722,4.340855497542459,-11.094016117849042,7.101713181322791,0.0,0.0,0.0,0.0,0.3333333333333333,0.6666666666666666,0.3333333333333333,0.0,0.3333333333333333,0.6666666666666666,-2.4454861851028142
bjzxx0p23kmsxnxvlm9e8ajqi,I. Zambrano,Libertad Fútbol Club,6,15.528812921396366,12.17295827053099,17.665527614340196,11.359183775876405,6.306343838463789,-5.29156383776263,9.145999676845063,0.3333333333333333,0.5,0.16666666666666666,0.0,0.16666666666666666,0.5,0.3333333333333333,0.16666666666666666,0.5,0.5,-2.5112747557128983
4gjqfbixt2mkc065n2c6npawa,S. Quintero,CS Emelec,22,14.385654902644477,12.3384014270423,21.587612710794925,13.02039079984375,8.567221910951176,2.7190177211288686,4.432953323720889,0.5909090909090909,0.6818181818181818,0.09090909090909091,0.0,0.045454545454545456,0.45454545454545453,0.5454545454545454,0.13636363636363635,0.7727272727272727,0.4090909090909091,-2.5791293755660503
2g9n183x59e764xsohjxzcwes,A. García,Libertad Fútbol Club,36,13.533724736818021,12.115730695509061,18.12227482657353,11.986635445879124,6.135639380694407,0.5397297331531892,2.8800148562855252,0.4722222222222222,0.4444444444444444,-0.027777777777777776,0.05555555555555555,0.05555555555555555,0.4166666666666667,0.5555555555555556,0.05555555555555555,0.4722222222222222,0.4722222222222222,-2.6121385210240744
ew15n1tgyp9phnohfcagddtqt,R. Caicedo,CS Emelec,32,17.14516684704334,14.502368556394874,22.09734205264512,12.973226676519365,9.124115376125754,-0.19421596930882612,3.584594289871875,0.4375,0.5,0.0625,0.21875,0.15625,0.40625,0.59375,0.0625,0.65625,0.5625,-2.6224204304420256
5t1zsk9kamjebuvv1yl34aga1,M. Maccari,CD Cuenca,7,11.386989275323746,12.091060437725275,15.59979348959834,12.52130635952371,3.0784871300746306,-3.716395145612634,3.0201797624940423,0.2857142857142857,0.2857142857142857,0.0,0.14285714285714285,0.14285714285714285,0.42857142857142855,0.5714285714285714,0.0,0.14285714285714285,0.7142857142857143,-2.66869494694648
btr2durmvo9tz31ksdht2syz8,O. Medina,Delfín SC,8,13.204810667149301,11.659885961065683,17.31972953897209,12.924998458934752,4.394731080037342,-6.854993427771713,4.319567009515941,0.125,0.375,0.25,0.0,0.0,0.5,0.5,0.0,0.625,0.5,-2.7822168885688505
a5iesdrky1ux0s099cfun6ycq,E. Segura,CS Emelec,23,17.608766475936978,15.535142092287607,20.4084834005989,10.786443494918528,9.622039905680374,-1.6428563320939562,6.458127466831529,0.34782608695652173,0.6086956521739131,0.2608695652173913,0.17391304347826086,0.13043478260869565,0.4782608695652174,0.5217391304347826,0.21739130434782608,0.6956521739130435,0.4782608695652174,-2.8727753133582246
9mrxht9j08y9w07w3877o2gwk,Ó. Quiñónez,Orense SC,31,16.09893182370196,16.198664544162156,19.325337279225,10.771775891455215,8.553561387769783,0.9591778216964132,2.760312821491789,0.6129032258064516,0.6774193548387096,0.06451612903225806,0.06451612903225806,0.03225806451612903,0.3548387096774194,0.6129032258064516,0.03225806451612903,0.7096774193548387,0.41935483870967744,-2.9043372962396337
3ezi5wz8kxifzwvm97ywy1fdg,J. Ayoví,Guayaquil City FC,13,10.956031844028589,10.378817495659815,16.4905493425585,11.100753739262965,5.389795603295533,0.2949459672769409,0.43514931958321984,0.46153846153846156,0.38461538461538464,-0.07692307692307693,0.15384615384615385,0.07692307692307693,0.46153846153846156,0.46153846153846156,0.15384615384615385,0.38461538461538464,0.46153846153846156,-2.997102092279201
6t5g9e7119c15ir6ww3gex80l,F. Carabalí,Mushuc Runa SC,26,13.422967139295652,10.844853325275112,17.549340917694085,10.389593631733712,7.159747285960373,0.8367919212593494,4.7385978349784335,0.46153846153846156,0.7692307692307693,0.3076923076923077,0.0,0.038461538461538464,0.19230769230769232,0.7307692307692307,0.038461538461538464,0.34615384615384615,0.23076923076923078,-3.0024004197178757
6sdxc25sqt45zjqiml8two7op,J. Viacava,CSD Independiente del Valle,27,18.134356966187838,16.797134462496043,22.035099365642424,12.299780606483026,9.7353187591594,0.35102279931672475,7.079980231035302,0.2962962962962963,0.5555555555555556,0.25925925925925924,0.2222222222222222,0.14814814814814814,0.2222222222222222,0.7777777777777778,0.07407407407407407,0.4444444444444444,0.4074074074074074,-3.1863072953176523
cr76m17d1og48m9um810j7z6x,N. Leguizamón,CD Cuenca,4,24.28470039651618,22.171963657360557,25.675029252586327,12.865719344632634,12.809309907953693,0.006057143121705355,6.800595959421402,0.75,0.75,0.0,0.0,0.0,0.5,0.5,0.25,0.75,0.5,-3.2294810077884124
dgvh151r1x9xuu8l75u2icphw,D. Coronel,Libertad Fútbol Club,2,11.822010280926946,11.822010280926946,14.99561599710177,12.887419568286784,2.1081964288149866,-0.8842578921393436,-6.1589393396996925,0.5,0.5,0.0,0.0,0.0,0.5,0.5,0.0,0.5,0.5,-3.2715138758089863
96f99w3zmz02yefrj2budsd1w,A. Chére,Libertad Fútbol Club,6,13.3153403393241,11.931820252152521,20.35844030768537,12.183612524821173,8.174827782864197,1.6574920534894624,5.862142317769099,0.6666666666666666,0.8333333333333334,0.16666666666666666,0.0,0.0,0.3333333333333333,0.6666666666666666,0.0,1.0,0.3333333333333333,-3.339380424097014
81l0r066zi9ej72m0cszlsd4a,J. Humanante,Guayaquil City FC,2,12.509730225505727,12.509730225505727,26.803648554914965,14.881939981839185,11.92170857307578,12.213206434444976,2.464455472840587,1.0,1.0,0.0,0.0,0.0,0.0,1.0,0.0,0.5,0.0,-3.4492159479344435
7ag9uvbnhisady8wrv80mewa1,J. Bocanegra,CD Técnico Universitario,9,14.9645045589558,14.157729200574689,21.288290597342456,14.545544624739073,6.7427459726033865,-0.7685094402512647,5.681434288488396,0.3333333333333333,0.0,-0.3333333333333333,0.0,0.0,0.5555555555555556,0.4444444444444444,0.1111111111111111,0.6666666666666666,0.5555555555555556,-3.62374191854071
9g05j8p6gyul0zlnx70rffkve,S. Mina,Orense SC,16,12.810968311193395,10.292018627448588,18.692418187237305,12.209137262618292,6.483280924619013,1.5436714443046813,-2.1735305124156628,0.625,0.625,0.0,0.0,0.0625,0.5,0.5,0.1875,0.5,0.4375,-3.6934684248284873
95er3htmtjfl43zq2ydddb6dw,J. Chalá,Barcelona SC,5,10.98769587569485,8.926661519578516,16.20604399588355,11.480360586794145,4.725683409089402,3.6152842439570554,3.510072240652017,0.6,0.6,0.0,0.4,0.2,0.2,0.8,0.0,0.4,0.4,-3.732020993464438
1kg0a71ryvy9641bml2ykgwt0,G. Heredia,Delfín SC,4,14.687766643083677,16.993124695900136,14.274586570236188,11.799779927103199,2.47480664313299,-8.53038734467344,4.093463186786564,0.25,0.5,0.25,0.0,0.0,0.75,0.25,0.25,0.75,0.75,-3.7507183274380678
crxjzl49plplfjs7utwhuqcyc,W. Caicedo,CD Técnico Universitario,1,23.50718610213208,23.50718610213208,29.72490538252393,13.112484440898594,16.612420941625334,11.376672113637635,9.029167978444534,1.0,1.0,0.0,0.0,0.0,0.0,1.0,0.0,1.0,0.0,-3.7815593674071515
eb2d87d8tfi6cxjcntkfdrdhw,L. Moreno,CD Universidad Católica del Ecuador,3,16.05307008483491,18.14889669392788,18.260634600228396,12.097804521959844,6.162830078268553,-5.252188105712581,2.867821355086489,0.3333333333333333,0.3333333333333333,0.0,0.0,0.0,0.6666666666666666,0.3333333333333333,0.3333333333333333,0.3333333333333333,0.3333333333333333,-3.9534197548218857
677337y7ae2lsr9tvlaaxcfyt,C. Arboleda,CD Cuenca,11,14.230635988397653,10.648033165235038,19.02151007819593,10.836564432956898,8.184945645239033,-2.9664544750290145,5.655544197435526,0.18181818181818182,0.2727272727272727,0.09090909090909091,0.0,0.0,0.5454545454545454,0.45454545454545453,0.18181818181818182,0.9090909090909091,0.5454545454545454,-4.040630078530861
e9dx4jgloxfmi6zi1domqfzai,D. Bolaños,CSD Macará,7,10.242101288222159,7.373069168550537,15.748485049001198,10.69201071545577,5.056474333545426,-0.033118174474908155,5.450449907775318,0.0,0.0,0.0,0.5714285714285714,0.5714285714285714,0.2857142857142857,0.7142857142857143,0.0,0.42857142857142855,0.7142857142857143,-4.093418788746823
9lwszt2ajw01zz5cip8ykpxm2,B. Negro,Mushuc Runa SC,23,13.865882879046262,9.28752355471971,15.986105761932283,9.163680782996407,6.8224249789358735,-2.104655016683983,3.254395719328669,0.4782608695652174,0.4782608695652174,0.0,0.13043478260869565,0.08695652173913043,0.5217391304347826,0.4782608695652174,0.17391304347826086,0.6956521739130435,0.4782608695652174,-4.09701726391642
dfukjz4s094x6yp7lwvdvtolx,R. Zambrano,Libertad Fútbol Club,9,15.19030730769191,11.1129763680175,17.824133608098364,12.061078071570382,5.763055536527981,-3.4890788484767237,5.36373959388361,0.5555555555555556,0.5555555555555556,0.0,0.1111111111111111,0.1111111111111111,0.6666666666666666,0.3333333333333333,0.2222222222222222,1.0,0.6666666666666666,-4.2478760726799365
1ssikdiam6tm8crkspn9y5p79,G. Rivero,CD Cuenca,6,16.126956631900637,14.905676463971211,22.199491311353295,12.248618314437453,9.950872996915843,6.184640129940624,1.484995842694066,0.8333333333333334,0.6666666666666666,-0.16666666666666666,0.0,0.0,0.16666666666666666,0.8333333333333334,0.0,0.5,0.16666666666666666,-4.252791537501866
7zl2v8insr694i0l6oqg68lqs,E. Zúñiga,Delfín SC,7,14.937303602353541,12.93552578536027,14.424843499016422,11.548309307954133,2.8765341910622904,-4.4981367719985865,1.3362140585780493,0.5714285714285714,0.5714285714285714,0.0,0.14285714285714285,0.0,0.7142857142857143,0.2857142857142857,0.2857142857142857,0.7142857142857143,0.7142857142857143,-4.266297206833139
7pi40tylgulc04ioiblklasyc,J. Chacón,CD Cuenca,5,8.81759146225304,6.841515136555015,14.73526549644259,11.202817824637728,3.5324476718048614,1.7884326208196772,-0.09004042002119447,0.8,0.6,-0.2,0.2,0.0,0.4,0.6,0.0,0.8,0.4,-4.40174151516444
ax5i011x824dnqvapwzejj76c,J. Majao,CD Técnico Universitario,15,19.60283779470655,17.02057619741194,24.153435852902383,13.45285022243038,10.700585630472007,-0.40311490540082173,11.727689215981023,0.4666666666666667,0.8,0.3333333333333333,0.06666666666666667,0.0,0.26666666666666666,0.7333333333333333,0.2,0.7333333333333333,0.3333333333333333,-4.491954436687896
461453uxbydo50nz8jgit1h7u,I. Guerrico,CS Emelec,24,13.937651743942409,11.82872801947676,18.5608264100659,12.421573474169081,6.139252935896817,0.901021897128674,0.48577271606995787,0.375,0.375,0.0,0.08333333333333333,0.041666666666666664,0.375,0.625,0.125,0.5,0.375,-4.508203042769032
4c5lucolhbv4u0ye9fd35widw,J. Espinoza,CSD Macará,5,21.94605960066776,18.87883057930103,25.650572692086712,11.958405892857554,13.692166799229156,0.8362953833457414,15.297507513148613,0.2,0.8,0.6,0.4,0.0,0.2,0.8,0.4,0.8,0.6,-4.548554014443867
6qoy8u4lz8gyvk8pw702ujdgp,B. Hernández,Delfín SC,4,10.042414804675355,10.52309682677507,15.986755746124771,9.742812520603302,6.2439432255214715,4.835033708070469,1.1928138657491,0.0,0.0,0.0,0.75,0.5,0.25,0.75,0.0,1.0,0.75,-4.603614731905076
arhlqnn9ujrbha6u01mf0eort,N. Dávila,Mushuc Runa SC,12,15.428650854672126,10.050972982134724,20.716443084475973,11.773161510361518,8.943281574114454,2.707765002196394,1.393435936782457,0.5833333333333334,0.75,0.16666666666666666,0.08333333333333333,0.0,0.25,0.6666666666666666,0.16666666666666666,0.6666666666666666,0.3333333333333333,-4.649249543288755
9bsreacxxli5mj5npxgu1ht04,G. Rostagno,Orense SC,4,19.000005608710087,11.050140045672947,20.58660822127341,10.938701460598578,9.647906760674834,-5.230471532000384,9.14528324119053,0.5,0.75,0.25,0.0,0.0,0.75,0.25,0.5,1.0,0.5,-4.696254357088563
bpfwulsnogge691lrxs596m3u,C. Castro,Libertad Fútbol Club,5,9.751000121328659,7.627912034145251,13.917086252580305,11.458504138954405,2.458582113625899,-3.979074121601964,2.358772322583828,0.4,0.4,0.0,0.2,0.2,0.6,0.4,0.2,0.6,0.6,-4.794977735444153
5utt2o4cz63soj6whop7qokph,J. Anangonó,Leones FC,15,18.174558193364117,15.642110159209908,21.46079012422639,13.364907092014107,8.095883032212283,0.2826912167725252,5.750852987823203,0.7333333333333333,0.9333333333333333,0.2,0.06666666666666667,0.0,0.4666666666666667,0.5333333333333333,0.3333333333333333,0.7333333333333333,0.26666666666666666,-4.853651624204428
5q5sfnmi5ppd84vids5hmjglx,J. Méndez,CSD Independiente del Valle,10,19.15925060083524,19.532824599808315,24.746455851565607,12.532222519472901,12.214233332092702,1.8146058580374866,9.692282912122694,0.2,0.3,0.1,0.2,0.0,0.0,1.0,0.0,0.5,0.2,-4.948255667208981
75wzlsjjkcclaza765jikk5hx,É. Vega,CD Cuenca,12,18.70870673338246,15.048447559506622,22.032272569714944,11.917176472323318,10.115096097391623,-2.247276756237228,9.482608755859376,0.16666666666666666,0.25,0.08333333333333333,0.0,0.0,0.25,0.6666666666666666,0.08333333333333333,0.75,0.25,-4.994859789631999
ddcse81t1urdko6kgvwb85jis,R. Chila,CD Técnico Universitario,8,15.881513754200931,11.292929225670317,18.03173539166095,11.334034868899787,6.697700522761163,-1.7392228271457633,2.0500562122134647,0.75,0.875,0.125,0.0,0.0,0.375,0.625,0.125,0.625,0.25,-5.12579611334511
1ftsi7wqe7zcrmzvk9m8d5el0,R. Borja,Leones FC,2,6.774759460334495,6.774759460334495,8.380752735445109,11.933578329684403,-3.552825594239295,-4.797159428423415,0.36858760072323804,0.0,0.0,0.0,0.0,0.0,0.5,0.5,0.0,0.5,0.5,-5.272981686421231
bgom4s2swmotuvtklxlrlngus,E. Pepinós,Leones FC,2,6.608146640607926,6.608146640607926,2.552578021395087,6.293731127828134,-3.741153106433047,-3.4634063149282355,-4.182265632400943,0.5,0.5,0.0,0.0,0.0,0.5,0.5,0.0,0.5,0.5,-5.399352362721258
1gny9mulu8a588c5fneu72590,José  Caicedo,CD Técnico Universitario,12,11.903257704393468,10.361152422699144,16.97602312698881,10.62658941994293,6.349433707045883,1.0862821338543986,4.890190740253424,0.3333333333333333,0.4166666666666667,0.08333333333333333,0.25,0.08333333333333333,0.4166666666666667,0.5833333333333334,0.25,0.8333333333333334,0.5,-5.403953270892412
f474w28at57v8nis5zkf0ihp0,A. Aguas,Leones FC,6,12.618571250656865,9.583528233542886,16.397439426437618,11.846350814851291,4.551088611586326,-3.6376015800730954,7.662240379477828,0.3333333333333333,0.6666666666666666,0.3333333333333333,0.16666666666666666,0.0,0.3333333333333333,0.6666666666666666,0.16666666666666666,0.6666666666666666,0.3333333333333333,-5.465919554591662
6c5z6whsuoapbdrwn4368orft,J. Quiñónez,Barcelona SC,7,20.64350278018031,17.4423859394086,22.131061702720796,12.250459256431713,9.880602446289085,-0.683518640344122,6.15032447071214,0.42857142857142855,0.7142857142857143,0.2857142857142857,0.0,0.0,0.2857142857142857,0.7142857142857143,0.2857142857142857,0.42857142857142855,0.14285714285714285,-5.602470547491287
eg4286ey3utczgcwnzkms4b9w,M. Valencia,Manta FC,4,6.993253112058979,7.391834365466011,12.152861936375311,9.987570153040865,2.165291783334446,0.1290177666609731,2.6608514500670166,0.25,0.5,0.25,0.25,0.25,0.25,0.75,0.0,0.75,0.5,-5.719218661827005
1e7juof1u405ilf986rbu55p0,M. Cagua,CD Técnico Universitario,22,13.74166904061796,12.09496257573959,17.52657250825845,11.187996812672566,6.338575695585883,-0.32396084284428633,4.273463752483949,0.5,0.6363636363636364,0.13636363636363635,0.0,0.13636363636363635,0.2727272727272727,0.7272727272727273,0.045454545454545456,0.7727272727272727,0.2727272727272727,-6.038653993528228
c74dqd8wbe059xsmdo2twmec4,S. Vasquez,Orense SC,4,13.811544948756623,12.0605120039323,20.457467560070906,11.71576927838412,8.741698281686787,-0.5784931370205406,8.398616770427386,0.5,0.25,-0.25,0.0,0.0,0.25,0.75,0.0,0.75,0.25,-6.134214015084206
8ybsgyu8jljs0b6fstzyy8dwq,A. Bolaños,SD Aucas,1,29.74195260431071,29.74195260431071,24.459149617270025,12.039909163823655,12.41924045344637,-5.60630462188594,5.1912154788377975,0.0,1.0,1.0,0.0,0.0,0.0,1.0,0.0,1.0,0.0,-6.234450646837951
3nfmwbpmy7b7peqmplyxxyf4k,S. Valencia,CS Emelec,10,15.731430754235143,15.330635836692446,19.216356809534023,12.298339344107834,6.918017465426189,0.019267336390669954,4.318625416936395,0.7,0.9,0.2,0.1,0.1,0.3,0.7,0.2,0.7,0.4,-6.395517015874351
2h4eos89vmme3eicv98m2997t,J. Jiménez,Manta FC,6,14.44467455819796,14.435201028651989,15.078447468765859,10.759433652222839,4.319013816543019,-6.991153763550212,4.332634879013109,0.5,0.6666666666666666,0.16666666666666666,0.0,0.0,0.5,0.5,0.16666666666666666,0.8333333333333334,0.5,-6.430567510958579
d7im7zieua6bh8y8m5eh646xg,R. Quiñónez,SD Aucas,9,13.139016455450012,11.694786199004138,21.578929167960503,14.243848288457363,7.335080879503143,3.2804820349797925,-3.9832391606856437,0.4444444444444444,0.0,-0.4444444444444444,0.2222222222222222,0.2222222222222222,0.3333333333333333,0.6666666666666666,0.1111111111111111,0.4444444444444444,0.3333333333333333,-6.55160532271912
esrdy1ms5ugjhn1upuyh4dono,S. Bueno,Libertad Fútbol Club,1,7.494542577980286,7.494542577980286,3.820994634908558,3.7274371744425565,0.09355746046600144,4.8529219539636514,5.711157234912818,0.0,0.0,0.0,1.0,1.0,0.0,1.0,0.0,0.0,1.0,-6.592749082806684
czrsu9ep8tzghq0klucpfv6c5,B. Caicedo,Orense SC,22,14.126443962536932,12.81675816230999,16.875053732559035,10.548467449063603,6.3265862834954305,-1.6543536300797157,4.470965231214444,0.45454545454545453,0.4090909090909091,-0.045454545454545456,0.22727272727272727,0.09090909090909091,0.22727272727272727,0.7272727272727273,0.09090909090909091,0.5909090909090909,0.45454545454545453,-6.6881340991810365
dw9cmjuxcytoron51mb4duot0,P. Ortiz,Liga Deportiva Universitaria de Quito,5,11.512947364497233,9.206258318862144,17.347369010295278,11.689020106296534,5.658348903998745,1.822354623188494,4.357164550923026,0.8,1.0,0.2,0.0,0.0,0.4,0.6,0.4,0.6,0.2,-6.824728909773578
qtilzeesr535rrklzb5d2qz8,Eric Valencia,CD Universidad Católica del Ecuador,10,14.914969170494752,11.461172560295555,18.27068563855163,10.781976633029652,7.488709005521978,-2.7476912791196946,2.5250800573160426,0.5,0.6,0.1,0.0,0.1,0.2,0.7,0.1,0.5,0.2,-6.836505089433473
cjuzc9zrb8bxrtzibupaa00t0,A. Medina,Manta FC,14,16.072056692402317,16.282181324597076,17.76515203389064,11.171318412974728,6.59383362091591,-2.785626393866455,2.8768000182048175,0.5714285714285714,0.7142857142857143,0.14285714285714285,0.07142857142857142,0.14285714285714285,0.5,0.5,0.2857142857142857,0.9285714285714286,0.5,-6.981294830439704
3oyfdo7dnp4taew78zalpjp0q,G. Villamíl,Liga Deportiva Universitaria de Quito,2,22.985761884078418,22.985761884078418,17.782452447508746,13.551716417863876,4.230736029644872,-11.991927855056794,-6.272546796506713,1.0,0.5,-0.5,0.0,0.0,0.5,0.5,0.0,0.0,0.5,-7.142196357439466
bw2caybg3rvaw4phdpfesxq1g,D. de la Cruz,Liga Deportiva Universitaria de Quito,2,10.845150819722614,10.845150819722614,15.932320802754363,9.312356535317663,6.6199642674367,-2.785014885839738,8.992355251655876,0.0,0.0,0.0,0.5,0.5,0.0,1.0,0.0,0.0,0.5,-7.240681512986028
ecd9ao2y87pqxws6040ipn7dg,A. Londoño,CD Universidad Católica del Ecuador,1,6.499137019584654,6.499137019584654,16.60752841334315,13.187784003861491,3.419744409481659,4.191698838783495,-4.966733619218651,0.0,0.0,0.0,0.0,0.0,0.0,1.0,0.0,0.0,0.0,-7.2739773383616
eeah84g5blmmk17uxkr75sga2,A. Mena,SD Aucas,11,16.380649259480755,16.74745458773135,17.690011367972275,11.064267880844856,6.62574348712742,-1.1707089381491036,3.7706578304201512,0.6363636363636364,0.7272727272727273,0.09090909090909091,0.0,0.0,0.18181818181818182,0.8181818181818182,0.09090909090909091,0.5454545454545454,0.18181818181818182,-7.300833316919914
7kihndiwtubq0hitl7sdix6ok,F. Ratotti,Delfín SC,1,11.352652070400216,11.352652070400216,23.38247206776905,13.548660475671944,9.833811592097106,5.717794379806495,9.807626443835204,0.0,0.0,0.0,0.0,0.0,0.0,1.0,0.0,1.0,0.0,-7.363403895783225
cc6hut3e5vccvj399c9gb1m1,B. Castillo,Barcelona SC,2,11.998569842290104,11.998569842290104,15.027991590975883,8.819978127996084,6.208013462979801,0.6940742401509752,9.884857140721909,0.5,1.0,0.5,0.0,0.0,0.0,1.0,0.0,1.0,0.0,-7.518887793315579
xlf5107rr4dgwmpncpa7lcoa,F. Ayunta,Delfín SC,9,16.96026171782948,16.99001607432245,22.38898980483104,13.813243536976405,8.575746267854635,3.366805930307015,4.580769501614752,0.5555555555555556,0.8888888888888888,0.3333333333333333,0.2222222222222222,0.0,0.2222222222222222,0.7777777777777778,0.3333333333333333,1.0,0.2222222222222222,-7.68354457279067
7nb8wttu9vq5vyvc3idkuci51,Á. Mena,Orense SC,2,13.852619369734045,13.852619369734045,10.270248696679886,11.84230865738634,-1.5720599607064538,-7.538977626099086,-0.49937744488001456,0.5,0.5,0.0,0.0,0.0,0.5,0.5,0.0,1.0,0.5,-7.841582452696895
dukia9yvlzkug4gw890nwneok,Á. Rodríguez,CD Universidad Católica del Ecuador,1,32.11956175095177,32.11956175095177,32.881757860552405,12.629778954180626,20.25197890637178,4.220168877933258,-3.2411121306233213,1.0,0.0,-1.0,0.0,0.0,0.0,1.0,0.0,0.0,0.0,-7.848879621805214
bmsylxbrzn89kjb9tca6acdpm,J. Cuero,Liga Deportiva Universitaria de Quito,3,10.337174543258213,6.495503948947759,11.46098690027477,5.047459228625964,6.413527671648808,-7.104043630444406,2.00702078385838,0.3333333333333333,0.3333333333333333,0.0,0.3333333333333333,0.6666666666666666,0.3333333333333333,0.6666666666666666,0.0,0.6666666666666666,0.6666666666666666,-7.975524192013668
83p554lqkya2wsmfy2mwt0844,S. Porozo,SD Aucas,7,14.986225183438872,16.279091925392613,20.313752658391405,11.74809670920983,8.565655949181574,-0.21818783528815416,5.941269007852534,0.5714285714285714,0.5714285714285714,0.0,0.0,0.0,0.14285714285714285,0.8571428571428571,0.14285714285714285,0.5714285714285714,0.14285714285714285,-8.150570902684585
ap8ap2sf853wup3k7vnfndd04,L. Fragozo,CS Emelec,1,19.22527726346378,19.22527726346378,18.848076824970764,8.66698568852092,10.181091136449844,1.6878022808295867,12.848952787957423,1.0,1.0,0.0,0.0,0.0,0.0,1.0,0.0,1.0,0.0,-8.322122083042293
67po6omu9d6depk46axzcy7yt,H. Batalla,Libertad Fútbol Club,6,16.218433820824504,16.915472899992064,14.920734880171878,11.214631031920044,3.7061038482518343,-3.9502862704669153,-2.2005579669023283,0.6666666666666666,0.5,-0.16666666666666666,0.0,0.0,0.3333333333333333,0.6666666666666666,0.0,0.8333333333333334,0.3333333333333333,-8.386807855295407
evdhj5d9a3066dzmxshdrg0lw,M. Caicedo,Leones FC,4,24.880453035042855,22.582480069966667,26.298986102407934,9.433331188797382,16.865654913610555,-6.7982755206556345,12.890785411324561,0.25,0.5,0.25,0.0,0.5,0.25,0.75,0.25,0.75,0.25,-8.491088454467885
7b0l0if6ou4qw6umn9054nbl6,C. Angulo,Mushuc Runa SC,7,16.497807646779844,12.46064413398564,19.10794957075496,10.651406264600057,8.456543306154902,1.4979217277240457,0.1236118340243547,0.5714285714285714,0.5714285714285714,0.0,0.14285714285714285,0.14285714285714285,0.42857142857142855,0.5714285714285714,0.42857142857142855,0.8571428571428571,0.14285714285714285,-8.703901005817793
1vlnmxw8piqcocrw4sw32zy8k,F. Posse,CSD Macará,5,20.16926931830657,21.65526002498842,21.708008257512823,12.3059478790582,9.402060378454623,2.230153847299863,-1.1612669956255572,0.8,0.6,-0.2,0.0,0.0,0.6,0.4,0.6,0.8,0.2,-8.708283098306458
3pseo7ehrlksshbk4s9heg6c4,A. Spina,SD Aucas,3,14.367373592436175,9.96970071305137,17.50944724327165,11.312166947369567,6.197280295902085,-1.9867216321844754,3.661538855719852,1.0,1.0,0.0,0.0,0.0,0.0,1.0,0.0,0.3333333333333333,0.0,-9.039981167935997
cw6ziac0hqffu651f1ld1smad,K. Arce,CD Técnico Universitario,1,8.734380240623011,8.734380240623011,19.801262586006988,12.478732347086051,7.322530238920937,7.477226933011259,-4.514474009232607,1.0,1.0,0.0,0.0,0.0,0.0,1.0,0.0,1.0,0.0,-9.094074894823738
c1aju0uc38c9zy2qvljzizo16,G. Napa,Guayaquil City FC,1,10.151644273939638,10.151644273939638,13.64001466274871,12.554174458145548,1.085840204603162,-4.241665667085314,9.223023031158554,1.0,1.0,0.0,0.0,0.0,0.0,1.0,0.0,0.0,0.0,-9.106360168590044
2cmnkc4qhbp58l4n10rcb6al0,C. Valencia,Libertad Fútbol Club,7,13.52203356524486,11.137322103440152,16.74656760883749,11.527840539171194,5.218727069666298,-0.9058943405681185,3.989476441913575,0.5714285714285714,0.7142857142857143,0.14285714285714285,0.0,0.0,0.42857142857142855,0.5714285714285714,0.42857142857142855,0.8571428571428571,0.14285714285714285,-9.176501221609781
4sxp28twayts4igb4l73lqmms,L. Loor,CSD Independiente del Valle,6,10.603359548905752,12.203055644100452,14.130189234005814,10.926886245809522,3.203302988196292,1.5014620124843983,-3.787812405157858,0.5,0.16666666666666666,-0.3333333333333333,0.16666666666666666,0.3333333333333333,0.3333333333333333,0.6666666666666666,0.16666666666666666,0.5,0.3333333333333333,-9.211533370533664
f4yuzcic4ptvggp470qj77tw4,J. Troya,Manta FC,1,9.630119050650574,9.630119050650574,20.089051744669288,12.443482540125608,7.64556920454368,1.9859148370763613,9.42312767554293,0.0,0.0,0.0,0.0,0.0,0.0,1.0,0.0,1.0,0.0,-9.262762184822202
bpsts2bw6gw3wjebjyxjjuqui,B. García,CD Cuenca,3,14.690097180409388,8.850023497906255,15.14859749590674,8.930676350231112,6.2179211456756285,-5.431727711902364,-2.9108057532610574,0.3333333333333333,0.3333333333333333,0.0,0.3333333333333333,0.6666666666666666,0.3333333333333333,0.6666666666666666,0.0,1.0,0.6666666666666666,-9.362587769804913
cxqbwbvx2qlrj7zusragqozys,Jefferson Nazareno,Manta FC,8,10.514501922415718,8.921232604560974,13.813738011889756,10.821617781137148,2.992120230752608,-1.1053632541836724,0.4047605909605516,0.75,0.625,-0.125,0.0,0.125,0.375,0.625,0.25,0.625,0.375,-9.465275810360868
1u35d0xow5dg9mb70u7ofnx1w,M. Sevillano,CD Universidad Católica del Ecuador,2,8.128396044872265,8.128396044872265,14.460608347459402,9.903394396303582,4.55721395115582,2.52352066119672,-3.1273087491319487,0.5,0.5,0.0,0.5,0.0,0.0,1.0,0.0,1.0,0.5,-9.602741330688026
4h6n52nvl5qsvqh6skyub20a1,Jeison Medina,Liga Deportiva Universitaria de Quito,2,19.90505151311796,19.90505151311796,21.773756993553015,12.188037529600216,9.5857194639528,-0.40365395572186813,-4.114465505401769,0.5,0.0,-0.5,0.0,0.0,0.0,1.0,0.0,0.0,0.0,-9.738584879162666
daz411lyiqzu6dhkrjeev7zf8,T. Coppo,Leones FC,2,14.17925732615375,14.17925732615375,18.11349709517994,12.572899337821688,5.5405977573582526,-4.182139237638288,8.593403418132581,0.5,0.5,0.0,0.0,0.0,0.0,1.0,0.0,0.5,0.0,-10.047390883657927
2hmjyog4h464h23duog6kpht6,J. Rodríguez,Libertad Fútbol Club,19,15.013247015661333,15.924308553707103,15.744475020136882,10.098793473119896,5.645681547016986,-3.074029406272513,0.9629034724935434,0.3684210526315789,0.21052631578947367,-0.15789473684210525,0.15789473684210525,0.21052631578947367,0.2631578947368421,0.7368421052631579,0.15789473684210525,0.6842105263157895,0.3684210526315789,-10.127888857162962
5q59sztbi9mx0skofv2znig2d,J. Vergés,Manta FC,1,5.808817541940672,5.808817541940672,10.186756107809789,5.835405235475244,4.351350872334544,4.27075516852188,-3.937386382627608,0.0,0.0,0.0,0.0,0.0,0.0,1.0,0.0,1.0,0.0,-10.889884338849019
694zvj9x9pfl4iujjgp9yqy1h,A. Preciado,SD Aucas,2,17.670939764476188,17.670939764476188,15.466513079375893,12.448750706524557,3.017762372851335,-6.8401533482197125,13.96831565418153,0.5,0.5,0.0,0.0,0.0,0.0,1.0,0.0,0.5,0.0,-10.963415200162283
7vnlwk0swph8rkqeej6anf504,L. Klimowicz,CS Emelec,1,20.75260023306517,20.75260023306517,32.83062594590606,15.35595640593575,17.474669539970307,13.747932451867182,11.254429256784626,0.0,1.0,1.0,0.0,0.0,0.0,1.0,1.0,1.0,0.0,-11.469024746039755
1k67oaz0zol06690e5qlec0rt,M. Mejía,Barcelona SC,2,13.526361726943938,13.526361726943938,22.82417809157472,12.052426579020382,10.771751512554337,5.789925007082555,9.159849967869917,0.0,0.5,0.5,0.0,0.0,0.0,1.0,0.5,1.0,0.0,-11.681406373238133
vqey0awa6vi7wuo8ep1j2p2i,C. Solano,Leones FC,1,51.603953551336,51.603953551336,47.91294188421329,9.896194381951343,38.01674750226195,1.0870736567546082,-31.792502294357014,1.0,0.0,-1.0,0.0,0.0,0.0,1.0,0.0,1.0,0.0,-11.93043761989324
d1y3yery3949xre3uf9rhofe1,D. Mina,Mushuc Runa SC,1,11.673474842508563,11.673474842508563,16.41584600317632,12.566313543853077,3.8495324593232425,3.626624846276446,-11.095837378181542,1.0,1.0,0.0,0.0,0.0,0.0,1.0,0.0,1.0,0.0,-12.099798674354219
2qpqh53hrupycf358gpie41ec,K. Velasco,Mushuc Runa SC,3,3.773481664194487,2.0200084742169757,10.239610516469538,12.655114959790225,-2.415504443320687,-2.0559712674534256,-1.1588536994270318,0.6666666666666666,0.6666666666666666,0.0,0.0,0.0,0.3333333333333333,0.6666666666666666,0.3333333333333333,0.6666666666666666,0.3333333333333333,-12.295861831703448
66qi673sdc644pz70xcttl0d0,O. Cabeza,Leones FC,2,7.822277039510204,7.822277039510204,8.391618982400074,10.280083913758993,-1.8884649313589215,-1.2836976284943837,-4.705836933224839,0.5,0.5,0.0,0.0,0.0,0.0,1.0,0.0,0.5,0.0,-12.486110834799746
d7d208zfvkuvjaba38rlcjxl,G. Valle,Liga Deportiva Universitaria de Quito,2,7.8475273397471375,7.8475273397471375,6.745082335253361,8.31837255991804,-1.5732902246646785,-6.075696190839436,2.5061018028937774,0.0,0.0,0.0,0.0,0.0,0.0,1.0,0.0,0.5,0.0,-13.219084006612718
43yv0exqcpqfml27chvk28vai,E. Plúas,Orense SC,1,2.2181053581429286,2.2181053581429286,3.7643060449437415,4.926091848036194,-1.1617858030924522,-0.04130610201681506,-2.2177207186114636,0.0,0.0,0.0,0.0,0.0,0.0,1.0,0.0,1.0,0.0,-13.571030072712373
3ml13mxqdskkiurzvombq8ff8,E. Ladines,Guayaquil City FC,4,22.967802255428357,23.649197534828303,27.071682452050577,12.372797679593688,14.69888477245689,-1.6398075480605803,15.760419119429605,0.0,0.25,0.25,0.0,0.0,0.0,1.0,0.5,1.0,0.0,-13.757961154375428
2urfneh4cg2b21og2x0w0721g,S. Núñez,Barcelona SC,1,16.957668753147644,16.957668753147644,12.244998979175136,11.275848491344073,0.9691504878310635,-16.18211899420584,5.069670048320955,0.0,0.0,0.0,0.0,0.0,0.0,1.0,0.0,0.0,0.0,-13.813093620215763
8myuopii2kh2ty1dbdx4s66z9,J. Sornoza,CSD Independiente del Valle,3,16.958170696643407,17.513033393537565,18.98553874511353,12.061978065147608,6.923560679965919,-2.166541320767866,5.052204405645285,0.3333333333333333,0.3333333333333333,0.0,0.0,0.0,0.0,1.0,0.3333333333333333,0.6666666666666666,0.0,-14.754468096933172
18thoegpfleusbgo4xki7g3it,D. Arroyo,Guayaquil City FC,2,11.975885950145926,11.975885950145926,16.237706138505544,12.327139816077636,3.9105663224279086,2.3555183582921853,-10.287913595199658,1.0,0.5,-0.5,0.0,0.0,0.0,1.0,0.0,1.0,0.0,-14.932476625414717
6sfs4ijoys5bs2owxc2knrbo,F. Vargas,Leones FC,2,14.856677282826958,14.856677282826958,20.08236191637139,11.94144920418661,8.140912712184779,-3.474039670156988,9.918297264730501,0.5,1.0,0.5,0.0,0.0,0.0,1.0,0.5,1.0,0.0,-15.490490034741091
hvb7rxnxozp5gkprp63h6jf9,F. Castelli,Mushuc Runa SC,1,20.511667239423865,20.511667239423865,16.285576440519385,10.875480764065886,5.4100956764534995,-3.4997294967329786,-14.210897713623496,1.0,0.0,-1.0,0.0,0.0,0.0,1.0,0.0,0.0,0.0,-15.577689130377987
4ydtdso4mk8xutnqzqh4pz0gk,V. Olaya,SD Aucas,1,10.78770773552893,10.78770773552893,11.580155439371268,12.842786436348323,-1.2626309969770553,-3.0733175069730123,-10.340665244002626,1.0,0.0,-1.0,0.0,0.0,0.0,1.0,0.0,0.0,0.0,-16.632198705965134
8vo3z87j229cnka6ioiswsx04,S. Arrieta,Leones FC,1,15.788886074979482,15.788886074979482,15.811388300841896,11.501085818554053,4.3103024822878435,3.4491649799556683,-15.407536611338244,1.0,0.0,-1.0,0.0,0.0,0.0,1.0,0.0,1.0,0.0,-17.564121029804145
1tppjbelv789od9d2jtqf4duc,M. Klimowicz,CD Cuenca,1,11.909534323355478,11.909534323355478,6.777905281132221,13.48083793517095,-6.702932654038729,-10.89758724930529,4.804123223124172,1.0,1.0,0.0,0.0,0.0,0.0,1.0,0.0,1.0,0.0,-17.913393913991634
d2sxsffyb9kpo9iqrmdllayhg,J. Herrera,CS Emelec,1,12.06030205782091,12.06030205782091,3.401470270338992,12.577622404344487,-9.176152134005495,-12.048770448742678,-0.5272726044319924,0.0,0.0,0.0,0.0,0.0,0.0,1.0,0.0,1.0,0.0,-19.57438040309315
a47kaayqc4ogw1aiqz4w8z696,L. Arroyo,SD Aucas,2,10.199879963301463,10.199879963301463,13.869729278895303,10.79857398362233,3.0711552952729733,1.1324877967588893,-7.230711903961385,0.5,0.5,0.0,0.5,0.5,0.0,1.0,0.5,1.0,0.5,-19.703525875791513
89c8as1cpdwgacpalxt81t5ka,M. Castaño,CD Técnico Universitario,2,4.694288570007463,4.694288570007463,16.711412022901893,12.62076378554897,4.090648237352923,3.8762149522703897,1.3673616166132305,1.0,1.0,0.0,0.0,0.0,0.0,1.0,1.0,1.0,0.0,-24.456579313373545
cuuv2aodsmm9chk100fe0ffmd,E. Caicedo,Orense SC,1,21.603080709893646,21.603080709893646,14.546477236774544,12.091513335939766,2.4549639008347786,-5.124074194000823,-11.38658999962962,1.0,1.0,0.0,0.0,0.0,0.0,1.0,1.0,1.0,0.0,-29.546075792647148
2ptwpyaaof24rvayrl3tdc82d,M. Parrales,Barcelona SC,1,13.642994918514415,13.642994918514415,3.413209633175201,11.680956678162964,-8.267747044987763,-11.016360050576502,-8.048050793991813,1.0,1.0,0.0,0.0,0.0,0.0,1.0,1.0,1.0,0.0,-33.888428874227735
